frame_index,phase_code,phase_name,phase_frame_index,present_time_ns,experiment_time_s,stimulus_active,stimulus_on_mask,stimulus_center_10_0hz_on
0,1,fixation_before,0,197598527252900,0.0009971,0,0,0
1,1,fixation_before,1,197598528941300,0.0026855,0,0,0
2,1,fixation_before,2,197598530431400,0.0041756,0,0,0
3,1,fixation_before,3,197598530678800,0.004423,0,0,0
4,1,fixation_before,4,197598539887900,0.0136321,0,0,0
5,1,fixation_before,5,197598556499000,0.0302432,0,0,0
6,1,fixation_before,6,197598573189400,0.0469336,0,0,0
7,1,fixation_before,7,197598589787600,0.0635318,0,0,0
8,1,fixation_before,8,197598606441300,0.0801855,0,0,0
9,1,fixation_before,9,197598623100400,0.0968446,0,0,0
10,1,fixation_before,10,197598639725600,0.1134698,0,0,0
11,1,fixation_before,11,197598656427700,0.1301719,0,0,0
12,1,fixation_before,12,197598673038200,0.1467824,0,0,0
13,1,fixation_before,13,197598689718400,0.1634626,0,0,0
14,1,fixation_before,14,197598706415800,0.18016,0,0,0
15,1,fixation_before,15,197598723076200,0.1968204,0,0,0
16,1,fixation_before,16,197598739759600,0.2135038,0,0,0
17,1,fixation_before,17,197598756380100,0.2301243,0,0,0
18,1,fixation_before,18,197598773053200,0.2467974,0,0,0
19,1,fixation_before,19,197598789760300,0.2635045,0,0,0
20,1,fixation_before,20,197598806398800,0.280143,0,0,0
21,1,fixation_before,21,197598823074100,0.2968183,0,0,0
22,1,fixation_before,22,197598839739200,0.3134834,0,0,0
23,1,fixation_before,23,197598856438200,0.3301824,0,0,0
24,1,fixation_before,24,197598873063400,0.3468076,0,0,0
25,1,fixation_before,25,197598889746000,0.3634902,0,0,0
26,1,fixation_before,26,197598906360300,0.3801045,0,0,0
27,1,fixation_before,27,197598923068500,0.3968127,0,0,0
28,1,fixation_before,28,197598939752400,0.4134966,0,0,0
29,1,fixation_before,29,197598956369100,0.4301133,0,0,0
30,1,fixation_before,30,197598973042400,0.4467866,0,0,0
31,1,fixation_before,31,197598989676500,0.4634207,0,0,0
32,1,fixation_before,32,197599006339700,0.4800839,0,0,0
33,1,fixation_before,33,197599023029800,0.496774,0,0,0
34,1,fixation_before,34,197599039704900,0.5134491,0,0,0
35,1,fixation_before,35,197599056341000,0.5300852,0,0,0
36,1,fixation_before,36,197599073019100,0.5467633,0,0,0
37,1,fixation_before,37,197599089675300,0.5634195,0,0,0
38,1,fixation_before,38,197599106273300,0.5800175,0,0,0
39,1,fixation_before,39,197599122969200,0.5967134,0,0,0
40,1,fixation_before,40,197599139618200,0.6133624,0,0,0
41,1,fixation_before,41,197599156295100,0.6300393,0,0,0
42,1,fixation_before,42,197599173019700,0.6467639,0,0,0
43,1,fixation_before,43,197599189713800,0.663458,0,0,0
44,1,fixation_before,44,197599206301600,0.6800458,0,0,0
45,1,fixation_before,45,197599222993300,0.6967375,0,0,0
46,1,fixation_before,46,197599239629000,0.7133732,0,0,0
47,1,fixation_before,47,197599256296800,0.730041,0,0,0
48,1,fixation_before,48,197599273046300,0.7467905,0,0,0
49,1,fixation_before,49,197599289664000,0.7634082,0,0,0
50,1,fixation_before,50,197599306337100,0.7800813,0,0,0
51,1,fixation_before,51,197599322968400,0.7967126,0,0,0
52,1,fixation_before,52,197599339619900,0.8133641,0,0,0
53,1,fixation_before,53,197599356287000,0.8300312,0,0,0
54,1,fixation_before,54,197599372954500,0.8466987,0,0,0
55,1,fixation_before,55,197599389618300,0.8633625,0,0,0
56,1,fixation_before,56,197599406265100,0.8800093,0,0,0
57,1,fixation_before,57,197599422975000,0.8967192,0,0,0
58,1,fixation_before,58,197599439646800,0.913391,0,0,0
59,1,fixation_before,59,197599456356700,0.9301009,0,0,0
60,1,fixation_before,60,197599472974500,0.9467187,0,0,0
61,1,fixation_before,61,197599489597600,0.9633418,0,0,0
62,1,fixation_before,62,197599506225800,0.97997,0,0,0
63,1,fixation_before,63,197599522904000,0.9966482,0,0,0
64,1,fixation_before,64,197599539575000,1.0133192,0,0,0
65,1,fixation_before,65,197599556241200,1.0299854,0,0,0
66,1,fixation_before,66,197599572888400,1.0466326,0,0,0
67,1,fixation_before,67,197599589571800,1.063316,0,0,0
68,1,fixation_before,68,197599606358900,1.0801031,0,0,0
69,1,fixation_before,69,197599622929400,1.0966736,0,0,0
70,1,fixation_before,70,197599639656300,1.1134005,0,0,0
71,1,fixation_before,71,197599656235200,1.1299794,0,0,0
72,1,fixation_before,72,197599672933300,1.1466775,0,0,0
73,1,fixation_before,73,197599689573500,1.1633177,0,0,0
74,1,fixation_before,74,197599706229200,1.1799734,0,0,0
75,1,fixation_before,75,197599722985800,1.19673,0,0,0
76,1,fixation_before,76,197599739543600,1.2132878,0,0,0
77,1,fixation_before,77,197599756244000,1.2299882,0,0,0
78,1,fixation_before,78,197599772899000,1.2466432,0,0,0
79,1,fixation_before,79,197599789535100,1.2632793,0,0,0
80,1,fixation_before,80,197599806222200,1.2799664,0,0,0
81,1,fixation_before,81,197599822889500,1.2966337,0,0,0
82,1,fixation_before,82,197599839527800,1.313272,0,0,0
83,1,fixation_before,83,197599856236100,1.3299803,0,0,0
84,1,fixation_before,84,197599872865300,1.3466095,0,0,0
85,1,fixation_before,85,197599889546800,1.363291,0,0,0
86,1,fixation_before,86,197599906206300,1.3799505,0,0,0
87,1,fixation_before,87,197599922891900,1.3966361,0,0,0
88,1,fixation_before,88,197599939507000,1.4132512,0,0,0
89,1,fixation_before,89,197599956190600,1.4299348,0,0,0
90,1,fixation_before,90,197599972865100,1.4466093,0,0,0
91,1,fixation_before,91,197599989563600,1.4633078,0,0,0
92,1,fixation_before,92,197600006174700,1.4799189,0,0,0
93,1,fixation_before,93,197600022854900,1.4965991,0,0,0
94,1,fixation_before,94,197600039494100,1.5132383,0,0,0
95,1,fixation_before,95,197600056208700,1.5299529,0,0,0
96,1,fixation_before,96,197600072851500,1.5465957,0,0,0
97,1,fixation_before,97,197600089484400,1.5632286,0,0,0
98,1,fixation_before,98,197600106184500,1.5799287,0,0,0
99,1,fixation_before,99,197600122859100,1.5966033,0,0,0
100,1,fixation_before,100,197600139482800,1.613227,0,0,0
101,1,fixation_before,101,197600156191600,1.6299358,0,0,0
102,1,fixation_before,102,197600172856300,1.6466005,0,0,0
103,1,fixation_before,103,197600189478600,1.6632228,0,0,0
104,1,fixation_before,104,197600206156300,1.6799005,0,0,0
105,1,fixation_before,105,197600222854700,1.6965989,0,0,0
106,1,fixation_before,106,197600239463300,1.7132075,0,0,0
107,1,fixation_before,107,197600256218800,1.729963,0,0,0
108,1,fixation_before,108,197600272837000,1.7465812,0,0,0
109,1,fixation_before,109,197600289446700,1.7631909,0,0,0
110,1,fixation_before,110,197600306162700,1.7799069,0,0,0
111,1,fixation_before,111,197600322818500,1.7965627,0,0,0
112,1,fixation_before,112,197600339461800,1.813206,0,0,0
113,1,fixation_before,113,197600356163600,1.8299078,0,0,0
114,1,fixation_before,114,197600372801900,1.8465461,0,0,0
115,1,fixation_before,115,197600389447400,1.8631916,0,0,0
116,1,fixation_before,116,197600406160400,1.8799046,0,0,0
117,1,fixation_before,117,197600422771600,1.8965158,0,0,0
118,1,fixation_before,118,197600439437700,1.9131819,0,0,0
119,1,fixation_before,119,197600456149300,1.9298935,0,0,0
120,1,fixation_before,120,197600472832400,1.9465766,0,0,0
121,1,fixation_before,121,197600489418400,1.9631626,0,0,0
122,1,fixation_before,122,197600506128700,1.9798729,0,0,0
123,1,fixation_before,123,197600522829200,1.9965734,0,0,0
124,1,fixation_before,124,197600539454900,2.0131991,0,0,0
125,1,fixation_before,125,197600556088400,2.0298326,0,0,0
126,1,fixation_before,126,197600572766200,2.0465104,0,0,0
127,1,fixation_before,127,197600589419400,2.0631636,0,0,0
128,1,fixation_before,128,197600606102900,2.0798471,0,0,0
129,1,fixation_before,129,197600622754000,2.0964982,0,0,0
130,1,fixation_before,130,197600639424900,2.1131691,0,0,0
131,1,fixation_before,131,197600656084000,2.1298282,0,0,0
132,1,fixation_before,132,197600672855800,2.1466,0,0,0
133,1,fixation_before,133,197600689391900,2.1631361,0,0,0
134,1,fixation_before,134,197600706074700,2.1798189,0,0,0
135,1,fixation_before,135,197600722740900,2.1964851,0,0,0
136,1,fixation_before,136,197600739380400,2.2131246,0,0,0
137,1,fixation_before,137,197600756080600,2.2298248,0,0,0
138,1,fixation_before,138,197600772721200,2.2464654,0,0,0
139,1,fixation_before,139,197600789469400,2.2632136,0,0,0
140,1,fixation_before,140,197600806036000,2.2797802,0,0,0
141,1,fixation_before,141,197600822750900,2.2964951,0,0,0
142,1,fixation_before,142,197600839365400,2.3131096,0,0,0
143,1,fixation_before,143,197600856023900,2.3297681,0,0,0
144,1,fixation_before,144,197600872737100,2.3464813,0,0,0
145,1,fixation_before,145,197600889356300,2.3631005,0,0,0
146,1,fixation_before,146,197600906022000,2.3797662,0,0,0
147,1,fixation_before,147,197600922683500,2.3964277,0,0,0
148,1,fixation_before,148,197600939335500,2.4130797,0,0,0
149,1,fixation_before,149,197600956052400,2.4297966,0,0,0
150,1,fixation_before,150,197600972671500,2.4464157,0,0,0
151,1,fixation_before,151,197600989332500,2.4630767,0,0,0
152,1,fixation_before,152,197601006008600,2.4797528,0,0,0
153,1,fixation_before,153,197601022666100,2.4964103,0,0,0
154,1,fixation_before,154,197601039398500,2.5131427,0,0,0
155,1,fixation_before,155,197601055973300,2.5297175,0,0,0
156,1,fixation_before,156,197601072669400,2.5464136,0,0,0
157,1,fixation_before,157,197601089314400,2.5630586,0,0,0
158,1,fixation_before,158,197601106009600,2.5797538,0,0,0
159,1,fixation_before,159,197601122648200,2.5963924,0,0,0
160,1,fixation_before,160,197601139328900,2.6130731,0,0,0
161,1,fixation_before,161,197601156010200,2.6297544,0,0,0
162,1,fixation_before,162,197601172644600,2.6463888,0,0,0
163,1,fixation_before,163,197601189326200,2.6630704,0,0,0
164,1,fixation_before,164,197601205977100,2.6797213,0,0,0
165,1,fixation_before,165,197601222648600,2.6963928,0,0,0
166,1,fixation_before,166,197601239311300,2.7130555,0,0,0
167,1,fixation_before,167,197601255979300,2.7297235,0,0,0
168,1,fixation_before,168,197601272623500,2.7463677,0,0,0
169,1,fixation_before,169,197601289468100,2.7632123,0,0,0
170,1,fixation_before,170,197601306063300,2.7798075,0,0,0
171,1,fixation_before,171,197601322614700,2.7963589,0,0,0
172,1,fixation_before,172,197601339344200,2.8130884,0,0,0
173,1,fixation_before,173,197601355969900,2.8297141,0,0,0
174,1,fixation_before,174,197601372607500,2.8463517,0,0,0
175,1,fixation_before,175,197601389290100,2.8630343,0,0,0
176,1,fixation_before,176,197601405961700,2.8797059,0,0,0
177,1,fixation_before,177,197601422606900,2.8963511,0,0,0
178,1,fixation_before,178,197601439290400,2.9130346,0,0,0
179,1,fixation_before,179,197601455958700,2.9297029,0,0,0
180,1,fixation_before,180,197601472604400,2.9463486,0,0,0
181,1,fixation_before,181,197601489267200,2.9630114,0,0,0
182,1,fixation_before,182,197601505952600,2.9796968,0,0,0
183,1,fixation_before,183,197601522625200,2.9963694,0,0,0
184,1,fixation_before,184,197601539230600,3.0129748,0,0,0
185,1,fixation_before,185,197601555977300,3.0297215,0,0,0
186,1,fixation_before,186,197601572600800,3.046345,0,0,0
187,1,fixation_before,187,197601589245800,3.06299,0,0,0
188,1,fixation_before,188,197601605952600,3.0796968,0,0,0
189,1,fixation_before,189,197601622612700,3.0963569,0,0,0
190,1,fixation_before,190,197601639237400,3.1129816,0,0,0
191,1,fixation_before,191,197601655938000,3.1296822,0,0,0
192,1,fixation_before,192,197601672574100,3.1463183,0,0,0
193,1,fixation_before,193,197601689254600,3.1629988,0,0,0
194,1,fixation_before,194,197601705913400,3.1796576,0,0,0
195,1,fixation_before,195,197601722530400,3.1962746,0,0,0
196,1,fixation_before,196,197601739176000,3.2129202,0,0,0
197,1,fixation_before,197,197601755869400,3.2296136,0,0,0
198,1,fixation_before,198,197601772518000,3.2462622,0,0,0
199,1,fixation_before,199,197601789218600,3.2629628,0,0,0
200,1,fixation_before,200,197601805877000,3.2796212,0,0,0
201,1,fixation_before,201,197601822594600,3.2963388,0,0,0
202,1,fixation_before,202,197601839229700,3.3129739,0,0,0
203,1,fixation_before,203,197601855911500,3.3296557,0,0,0
204,1,fixation_before,204,197601872543400,3.3462876,0,0,0
205,1,fixation_before,205,197601889215300,3.3629595,0,0,0
206,1,fixation_before,206,197601905892000,3.3796362,0,0,0
207,1,fixation_before,207,197601922561100,3.3963053,0,0,0
208,1,fixation_before,208,197601939214400,3.4129586,0,0,0
209,1,fixation_before,209,197601955882500,3.4296267,0,0,0
210,1,fixation_before,210,197601972579900,3.4463241,0,0,0
211,1,fixation_before,211,197601989161900,3.4629061,0,0,0
212,1,fixation_before,212,197602005837400,3.4795816,0,0,0
213,1,fixation_before,213,197602022482400,3.4962266,0,0,0
214,1,fixation_before,214,197602039140600,3.5128848,0,0,0
215,1,fixation_before,215,197602055821200,3.5295654,0,0,0
216,1,fixation_before,216,197602072482500,3.5462267,0,0,0
217,1,fixation_before,217,197602089151500,3.5628957,0,0,0
218,1,fixation_before,218,197602105845800,3.57959,0,0,0
219,1,fixation_before,219,197602122473900,3.5962181,0,0,0
220,1,fixation_before,220,197602139214500,3.6129587,0,0,0
221,1,fixation_before,221,197602155832400,3.6295766,0,0,0
222,1,fixation_before,222,197602172510500,3.6462547,0,0,0
223,1,fixation_before,223,197602189169700,3.6629139,0,0,0
224,1,fixation_before,224,197602205861300,3.6796055,0,0,0
225,1,fixation_before,225,197602222472500,3.6962167,0,0,0
226,1,fixation_before,226,197602239213400,3.7129576,0,0,0
227,1,fixation_before,227,197602255840400,3.7295846,0,0,0
228,1,fixation_before,228,197602272448200,3.7461924,0,0,0
229,1,fixation_before,229,197602289143900,3.7628881,0,0,0
230,1,fixation_before,230,197602305756400,3.7795006,0,0,0
231,1,fixation_before,231,197602322514900,3.7962591,0,0,0
232,1,fixation_before,232,197602339087000,3.8128312,0,0,0
233,1,fixation_before,233,197602355755400,3.8294996,0,0,0
234,1,fixation_before,234,197602372437200,3.8461814,0,0,0
235,1,fixation_before,235,197602389088300,3.8628325,0,0,0
236,1,fixation_before,236,197602405827500,3.8795717,0,0,0
237,1,fixation_before,237,197602422464800,3.896209,0,0,0
238,1,fixation_before,238,197602439102300,3.9128465,0,0,0
239,1,fixation_before,239,197602455785700,3.9295299,0,0,0
240,1,fixation_before,240,197602472461600,3.9462058,0,0,0
241,1,fixation_before,241,197602489123300,3.9628675,0,0,0
242,1,fixation_before,242,197602505748900,3.9794931,0,0,0
243,1,fixation_before,243,197602522485300,3.9962295,0,0,0
244,1,fixation_before,244,197602539102500,4.0128467,0,0,0
245,1,fixation_before,245,197602555734300,4.0294785,0,0,0
246,1,fixation_before,246,197602572518200,4.0462624,0,0,0
247,1,fixation_before,247,197602589073300,4.0628175,0,0,0
248,1,fixation_before,248,197602605746000,4.0794902,0,0,0
249,1,fixation_before,249,197602622400200,4.0961444,0,0,0
250,1,fixation_before,250,197602639084500,4.1128287,0,0,0
251,1,fixation_before,251,197602655723200,4.1294674,0,0,0
252,1,fixation_before,252,197602672392300,4.1461365,0,0,0
253,1,fixation_before,253,197602689083500,4.1628277,0,0,0
254,1,fixation_before,254,197602705709000,4.1794532,0,0,0
255,1,fixation_before,255,197602722396500,4.1961407,0,0,0
256,1,fixation_before,256,197602739083800,4.212828,0,0,0
257,1,fixation_before,257,197602755711100,4.2294553,0,0,0
258,1,fixation_before,258,197602772392400,4.2461366,0,0,0
259,1,fixation_before,259,197602789068300,4.2628125,0,0,0
260,1,fixation_before,260,197602805690900,4.2794351,0,0,0
261,1,fixation_before,261,197602822459300,4.2962035,0,0,0
262,1,fixation_before,262,197602839029300,4.3127735,0,0,0
263,1,fixation_before,263,197602855688500,4.3294327,0,0,0
264,1,fixation_before,264,197602872338000,4.3460822,0,0,0
265,1,fixation_before,265,197602889039500,4.3627837,0,0,0
266,1,fixation_before,266,197602905676300,4.3794205,0,0,0
267,1,fixation_before,267,197602922354400,4.3960986,0,0,0
268,1,fixation_before,268,197602939004500,4.4127487,0,0,0
269,1,fixation_before,269,197602955675400,4.4294196,0,0,0
270,1,fixation_before,270,197602972351500,4.4460957,0,0,0
271,1,fixation_before,271,197602989040600,4.4627848,0,0,0
272,1,fixation_before,272,197603005641000,4.4793852,0,0,0
273,1,fixation_before,273,197603022304300,4.4960485,0,0,0
274,1,fixation_before,274,197603038973500,4.5127177,0,0,0
275,1,fixation_before,275,197603055635900,4.5293801,0,0,0
276,1,fixation_before,276,197603072297300,4.5460415,0,0,0
277,1,fixation_before,277,197603089021300,4.5627655,0,0,0
278,1,fixation_before,278,197603105647800,4.579392,0,0,0
279,1,fixation_before,279,197603122367900,4.5961121,0,0,0
280,1,fixation_before,280,197603138985800,4.61273,0,0,0
281,1,fixation_before,281,197603155637200,4.6293814,0,0,0
282,1,fixation_before,282,197603172330800,4.646075,0,0,0
283,1,fixation_before,283,197603189015200,4.6627594,0,0,0
284,1,fixation_before,284,197603205637000,4.6793812,0,0,0
285,1,fixation_before,285,197603222302100,4.6960463,0,0,0
286,1,fixation_before,286,197603238966500,4.7127107,0,0,0
287,1,fixation_before,287,197603255660400,4.7294046,0,0,0
288,1,fixation_before,288,197603272276200,4.7460204,0,0,0
289,1,fixation_before,289,197603289004400,4.7627486,0,0,0
290,1,fixation_before,290,197603305592200,4.7793364,0,0,0
291,1,fixation_before,291,197603322276400,4.7960206,0,0,0
292,1,fixation_before,292,197603338951900,4.8126961,0,0,0
293,1,fixation_before,293,197603355662300,4.8294065,0,0,0
294,1,fixation_before,294,197603372281800,4.846026,0,0,0
295,1,fixation_before,295,197603388927200,4.8626714,0,0,0
296,1,fixation_before,296,197603405603600,4.8793478,0,0,0
297,1,fixation_before,297,197603422303400,4.8960476,0,0,0
298,1,fixation_before,298,197603438934300,4.9126785,0,0,0
299,1,fixation_before,299,197603455588700,4.9293329,0,0,0
300,1,fixation_before,300,197603472331700,4.9460759,0,0,0
301,1,fixation_before,301,197603488962000,4.9627062,0,0,0
302,1,fixation_before,302,197603505579000,4.9793232,0,0,0
303,1,fixation_before,303,197603522241700,4.9959859,0,0,0
304,1,fixation_before,304,197603538944000,5.0126882,0,0,0
305,1,fixation_before,305,197603555558700,5.0293029,0,0,0
306,1,fixation_before,306,197603572248500,5.0459927,0,0,0
307,1,fixation_before,307,197603588911100,5.0626553,0,0,0
308,1,fixation_before,308,197603605570100,5.0793143,0,0,0
309,1,fixation_before,309,197603622336300,5.0960805,0,0,0
310,1,fixation_before,310,197603638917300,5.1126615,0,0,0
311,1,fixation_before,311,197603655591900,5.1293361,0,0,0
312,1,fixation_before,312,197603672245700,5.1459899,0,0,0
313,1,fixation_before,313,197603688894500,5.1626387,0,0,0
314,1,fixation_before,314,197603705554000,5.1792982,0,0,0
315,1,fixation_before,315,197603722241300,5.1959855,0,0,0
316,1,fixation_before,316,197603738908900,5.2126531,0,0,0
317,1,fixation_before,317,197603755554600,5.2292988,0,0,0
318,1,fixation_before,318,197603772286700,5.2460309,0,0,0
319,1,fixation_before,319,197603788925700,5.2626699,0,0,0
320,1,fixation_before,320,197603805531100,5.2792753,0,0,0
321,1,fixation_before,321,197603822236000,5.2959802,0,0,0
322,1,fixation_before,322,197603838921200,5.3126654,0,0,0
323,1,fixation_before,323,197603855531300,5.3292755,0,0,0
324,1,fixation_before,324,197603872324800,5.346069,0,0,0
325,1,fixation_before,325,197603888894200,5.3626384,0,0,0
326,1,fixation_before,326,197603905508300,5.3792525,0,0,0
327,1,fixation_before,327,197603922230300,5.3959745,0,0,0
328,1,fixation_before,328,197603938888500,5.4126327,0,0,0
329,1,fixation_before,329,197603955521900,5.4292661,0,0,0
330,1,fixation_before,330,197603972225800,5.44597,0,0,0
331,1,fixation_before,331,197603988832000,5.4625762,0,0,0
332,1,fixation_before,332,197604005506900,5.4792511,0,0,0
333,1,fixation_before,333,197604022186600,5.4959308,0,0,0
334,1,fixation_before,334,197604038832100,5.5125763,0,0,0
335,1,fixation_before,335,197604055488300,5.5292325,0,0,0
336,1,fixation_before,336,197604072157000,5.5459012,0,0,0
337,1,fixation_before,337,197604088844000,5.5625882,0,0,0
338,1,fixation_before,338,197604105489600,5.5792338,0,0,0
339,1,fixation_before,339,197604122182200,5.5959264,0,0,0
340,1,fixation_before,340,197604138855100,5.6125993,0,0,0
341,1,fixation_before,341,197604155515500,5.6292597,0,0,0
342,1,fixation_before,342,197604172154400,5.6458986,0,0,0
343,1,fixation_before,343,197604188837900,5.6625821,0,0,0
344,1,fixation_before,344,197604205462700,5.6792069,0,0,0
345,1,fixation_before,345,197604222129500,5.6958737,0,0,0
346,1,fixation_before,346,197604238793900,5.7125381,0,0,0
347,1,fixation_before,347,197604255491800,5.729236,0,0,0
348,1,fixation_before,348,197604272157600,5.7459018,0,0,0
349,1,fixation_before,349,197604288823400,5.7625676,0,0,0
350,1,fixation_before,350,197604305443000,5.7791872,0,0,0
351,1,fixation_before,351,197604322110900,5.7958551,0,0,0
352,1,fixation_before,352,197604338778900,5.8125231,0,0,0
353,1,fixation_before,353,197604355465000,5.8292092,0,0,0
354,1,fixation_before,354,197604372127100,5.8458713,0,0,0
355,1,fixation_before,355,197604388872000,5.8626162,0,0,0
356,1,fixation_before,356,197604405448700,5.8791929,0,0,0
357,1,fixation_before,357,197604422118500,5.8958627,0,0,0
358,1,fixation_before,358,197604438776900,5.9125211,0,0,0
359,1,fixation_before,359,197604455432500,5.9291767,0,0,0
360,1,fixation_before,360,197604472139900,5.9458841,0,0,0
361,1,fixation_before,361,197604488778600,5.9625228,0,0,0
362,1,fixation_before,362,197604505409800,5.979154,0,0,0
363,1,fixation_before,363,197604522101100,5.9958453,0,0,0
364,1,fixation_before,364,197604538802000,6.0125462,0,0,0
365,1,fixation_before,365,197604555405300,6.0291495,0,0,0
366,1,fixation_before,366,197604572077200,6.0458214,0,0,0
367,1,fixation_before,367,197604588753300,6.0624975,0,0,0
368,1,fixation_before,368,197604605386200,6.0791304,0,0,0
369,1,fixation_before,369,197604622045100,6.0957893,0,0,0
370,1,fixation_before,370,197604638717000,6.1124612,0,0,0
371,1,fixation_before,371,197604655450800,6.129195,0,0,0
372,1,fixation_before,372,197604672043900,6.1457881,0,0,0
373,1,fixation_before,373,197604688691800,6.162436,0,0,0
374,1,fixation_before,374,197604705460200,6.1792044,0,0,0
375,1,fixation_before,375,197604722071000,6.1958152,0,0,0
376,1,fixation_before,376,197604738705600,6.2124498,0,0,0
377,1,fixation_before,377,197604755384000,6.2291282,0,0,0
378,1,fixation_before,378,197604772055700,6.2457999,0,0,0
379,1,fixation_before,379,197604788716300,6.2624605,0,0,0
380,1,fixation_before,380,197604805388700,6.2791329,0,0,0
381,1,fixation_before,381,197604822068000,6.2958122,0,0,0
382,1,fixation_before,382,197604838703900,6.3124481,0,0,0
383,1,fixation_before,383,197604855370300,6.3291145,0,0,0
384,1,fixation_before,384,197604872047400,6.3457916,0,0,0
385,1,fixation_before,385,197604888693100,6.3624373,0,0,0
386,1,fixation_before,386,197604905342900,6.3790871,0,0,0
387,1,fixation_before,387,197604922045600,6.3957898,0,0,0
388,1,fixation_before,388,197604938686500,6.4124307,0,0,0
389,1,fixation_before,389,197604955356200,6.4291004,0,0,0
390,1,fixation_before,390,197604972043900,6.4457881,0,0,0
391,1,fixation_before,391,197604988664700,6.4624089,0,0,0
392,1,fixation_before,392,197605005344500,6.4790887,0,0,0
393,1,fixation_before,393,197605022023000,6.4957672,0,0,0
394,1,fixation_before,394,197605038661000,6.5124052,0,0,0
395,1,fixation_before,395,197605055336900,6.5290811,0,0,0
396,1,fixation_before,396,197605072014100,6.5457583,0,0,0
397,1,fixation_before,397,197605088650800,6.562395,0,0,0
398,1,fixation_before,398,197605105312600,6.5790568,0,0,0
399,1,fixation_before,399,197605122029500,6.5957737,0,0,0
400,1,fixation_before,400,197605138635100,6.6123793,0,0,0
401,1,fixation_before,401,197605155335400,6.6290796,0,0,0
402,1,fixation_before,402,197605172062300,6.6458065,0,0,0
403,1,fixation_before,403,197605188639300,6.6623835,0,0,0
404,1,fixation_before,404,197605205311700,6.6790559,0,0,0
405,1,fixation_before,405,197605221989400,6.6957336,0,0,0
406,1,fixation_before,406,197605238633900,6.7123781,0,0,0
407,1,fixation_before,407,197605255312400,6.7290566,0,0,0
408,1,fixation_before,408,197605272004300,6.7457485,0,0,0
409,1,fixation_before,409,197605288609700,6.7623539,0,0,0
410,1,fixation_before,410,197605305297500,6.7790417,0,0,0
411,1,fixation_before,411,197605321957100,6.7957013,0,0,0
412,1,fixation_before,412,197605338607100,6.8123513,0,0,0
413,1,fixation_before,413,197605355314100,6.8290583,0,0,0
414,1,fixation_before,414,197605371965500,6.8457097,0,0,0
415,1,fixation_before,415,197605388603600,6.8623478,0,0,0
416,1,fixation_before,416,197605405298800,6.879043,0,0,0
417,1,fixation_before,417,197605421965900,6.8957101,0,0,0
418,1,fixation_before,418,197605438694200,6.9124384,0,0,0
419,1,fixation_before,419,197605455254400,6.9289986,0,0,0
420,1,fixation_before,420,197605471982700,6.9457269,0,0,0
421,1,fixation_before,421,197605488564000,6.9623082,0,0,0
422,1,fixation_before,422,197605505217300,6.9789615,0,0,0
423,1,fixation_before,423,197605521928000,6.9956722,0,0,0
424,1,fixation_before,424,197605538577500,7.0123217,0,0,0
425,1,fixation_before,425,197605555238300,7.0289825,0,0,0
426,1,fixation_before,426,197605571944900,7.0456891,0,0,0
427,1,fixation_before,427,197605588554900,7.0622991,0,0,0
428,1,fixation_before,428,197605605279700,7.0790239,0,0,0
429,1,fixation_before,429,197605621945100,7.0956893,0,0,0
430,1,fixation_before,430,197605638565000,7.1123092,0,0,0
431,1,fixation_before,431,197605655247600,7.1289918,0,0,0
432,1,fixation_before,432,197605671929500,7.1456737,0,0,0
433,1,fixation_before,433,197605688565700,7.1623099,0,0,0
434,1,fixation_before,434,197605705316700,7.1790609,0,0,0
435,1,fixation_before,435,197605721921400,7.1956656,0,0,0
436,1,fixation_before,436,197605738536700,7.2122809,0,0,0
437,1,fixation_before,437,197605755218800,7.228963,0,0,0
438,1,fixation_before,438,197605771908800,7.245653,0,0,0
439,1,fixation_before,439,197605788550500,7.2622947,0,0,0
440,1,fixation_before,440,197605805210800,7.278955,0,0,0
441,1,fixation_before,441,197605821896800,7.295641,0,0,0
442,1,fixation_before,442,197605838530700,7.3122749,0,0,0
443,1,fixation_before,443,197605855218200,7.3289624,0,0,0
444,1,fixation_before,444,197605871886200,7.3456304,0,0,0
445,1,fixation_before,445,197605888523500,7.3622677,0,0,0
446,1,fixation_before,446,197605905239700,7.3789839,0,0,0
447,1,fixation_before,447,197605921873000,7.3956172,0,0,0
448,1,fixation_before,448,197605938507700,7.4122519,0,0,0
449,1,fixation_before,449,197605955243100,7.4289873,0,0,0
450,1,fixation_before,450,197605972013900,7.4457581,0,0,0
451,1,fixation_before,451,197605988511500,7.4622557,0,0,0
452,1,fixation_before,452,197606005192100,7.4789363,0,0,0
453,1,fixation_before,453,197606021820500,7.4955647,0,0,0
454,1,fixation_before,454,197606038492400,7.5122366,0,0,0
455,1,fixation_before,455,197606055169000,7.5289132,0,0,0
456,1,fixation_before,456,197606071828900,7.5455731,0,0,0
457,1,fixation_before,457,197606088498700,7.5622429,0,0,0
458,1,fixation_before,458,197606105173400,7.5789176,0,0,0
459,1,fixation_before,459,197606121811800,7.595556,0,0,0
460,1,fixation_before,460,197606138495400,7.6122396,0,0,0
461,1,fixation_before,461,197606155160900,7.6289051,0,0,0
462,1,fixation_before,462,197606171800300,7.6455445,0,0,0
463,1,fixation_before,463,197606188463100,7.6622073,0,0,0
464,1,fixation_before,464,197606205139400,7.6788836,0,0,0
465,1,fixation_before,465,197606221815300,7.6955595,0,0,0
466,1,fixation_before,466,197606238611100,7.7123553,0,0,0
467,1,fixation_before,467,197606255151300,7.7288955,0,0,0
468,1,fixation_before,468,197606271782100,7.7455263,0,0,0
469,1,fixation_before,469,197606288448300,7.7621925,0,0,0
470,1,fixation_before,470,197606305136800,7.778881,0,0,0
471,1,fixation_before,471,197606321770200,7.7955144,0,0,0
472,1,fixation_before,472,197606338441600,7.8121858,0,0,0
473,1,fixation_before,473,197606355128500,7.8288727,0,0,0
474,1,fixation_before,474,197606371771900,7.8455161,0,0,0
475,1,fixation_before,475,197606388451400,7.8621956,0,0,0
476,1,fixation_before,476,197606405156400,7.8789006,0,0,0
477,1,fixation_before,477,197606421755900,7.8955001,0,0,0
478,1,fixation_before,478,197606438434000,7.9121782,0,0,0
479,1,fixation_before,479,197606455120000,7.9288642,0,0,0
480,1,fixation_before,480,197606471782500,7.9455267,0,0,0
481,1,fixation_before,481,197606488460800,7.962205,0,0,0
482,1,fixation_before,482,197606505084900,7.9788291,0,0,0
483,1,fixation_before,483,197606521736700,7.9954809,0,0,0
484,1,fixation_before,484,197606538388200,8.0121324,0,0,0
485,1,fixation_before,485,197606555072000,8.0288162,0,0,0
486,1,fixation_before,486,197606571761100,8.0455053,0,0,0
487,1,fixation_before,487,197606588404300,8.0621485,0,0,0
488,1,fixation_before,488,197606605093500,8.0788377,0,0,0
489,1,fixation_before,489,197606621718700,8.0954629,0,0,0
490,1,fixation_before,490,197606638385500,8.1121297,0,0,0
491,1,fixation_before,491,197606655061700,8.1288059,0,0,0
492,1,fixation_before,492,197606671712100,8.1454563,0,0,0
493,1,fixation_before,493,197606688394200,8.1621384,0,0,0
494,1,fixation_before,494,197606705060100,8.1788043,0,0,0
495,1,fixation_before,495,197606721709800,8.195454,0,0,0
496,1,fixation_before,496,197606738381500,8.2121257,0,0,0
497,1,fixation_before,497,197606755122600,8.2288668,0,0,0
498,1,fixation_before,498,197606771693500,8.2454377,0,0,0
499,1,fixation_before,499,197606788370000,8.2621142,0,0,0
500,1,fixation_before,500,197606805059300,8.2788035,0,0,0
501,1,fixation_before,501,197606821695200,8.2954394,0,0,0
502,1,fixation_before,502,197606838384500,8.3121287,0,0,0
503,1,fixation_before,503,197606855070100,8.3288143,0,0,0
504,1,fixation_before,504,197606871709000,8.3454532,0,0,0
505,1,fixation_before,505,197606888363100,8.3621073,0,0,0
506,1,fixation_before,506,197606905077700,8.3788219,0,0,0
507,1,fixation_before,507,197606921728200,8.3954724,0,0,0
508,1,fixation_before,508,197606938339500,8.4120837,0,0,0
509,1,fixation_before,509,197606955052900,8.4287971,0,0,0
510,1,fixation_before,510,197606971668400,8.4454126,0,0,0
511,1,fixation_before,511,197606988374300,8.4621185,0,0,0
512,1,fixation_before,512,197607005139800,8.478884,0,0,0
513,1,fixation_before,513,197607021684100,8.4954283,0,0,0
514,1,fixation_before,514,197607038358700,8.5121029,0,0,0
515,1,fixation_before,515,197607055034200,8.5287784,0,0,0
516,1,fixation_before,516,197607071665200,8.5454094,0,0,0
517,1,fixation_before,517,197607088335500,8.5620797,0,0,0
518,1,fixation_before,518,197607105000500,8.5787447,0,0,0
519,1,fixation_before,519,197607121643700,8.5953879,0,0,0
520,1,fixation_before,520,197607138344300,8.6120885,0,0,0
521,1,fixation_before,521,197607155021800,8.628766,0,0,0
522,1,fixation_before,522,197607171632500,8.6453767,0,0,0
523,1,fixation_before,523,197607188332600,8.6620768,0,0,0
524,1,fixation_before,524,197607204988700,8.6787329,0,0,0
525,1,fixation_before,525,197607221627300,8.6953715,0,0,0
526,1,fixation_before,526,197607238341500,8.7120857,0,0,0
527,1,fixation_before,527,197607255088500,8.7288327,0,0,0
528,1,fixation_before,528,197607271619900,8.7453641,0,0,0
529,1,fixation_before,529,197607288338000,8.7620822,0,0,0
530,1,fixation_before,530,197607304978200,8.7787224,0,0,0
531,1,fixation_before,531,197607321616600,8.7953608,0,0,0
532,1,fixation_before,532,197607338329000,8.8120732,0,0,0
533,1,fixation_before,533,197607354958000,8.8287022,0,0,0
534,1,fixation_before,534,197607371614600,8.8453588,0,0,0
535,1,fixation_before,535,197607388308700,8.8620529,0,0,0
536,1,fixation_before,536,197607404926600,8.8786708,0,0,0
537,1,fixation_before,537,197607421562100,8.8953063,0,0,0
538,1,fixation_before,538,197607438320100,8.9120643,0,0,0
539,1,fixation_before,539,197607454969800,8.928714,0,0,0
540,1,fixation_before,540,197607471603100,8.9453473,0,0,0
541,1,fixation_before,541,197607488271800,8.962016,0,0,0
542,1,fixation_before,542,197607504893500,8.9786377,0,0,0
543,1,fixation_before,543,197607521649500,8.9953937,0,0,0
544,1,fixation_before,544,197607538242000,9.0119862,0,0,0
545,1,fixation_before,545,197607554877800,9.028622,0,0,0
546,1,fixation_before,546,197607571557500,9.0453017,0,0,0
547,1,fixation_before,547,197607588208100,9.0619523,0,0,0
548,1,fixation_before,548,197607604887200,9.0786314,0,0,0
549,1,fixation_before,549,197607621575700,9.0953199,0,0,0
550,1,fixation_before,550,197607638250800,9.111995,0,0,0
551,1,fixation_before,551,197607654963900,9.1287081,0,0,0
552,1,fixation_before,552,197607671605000,9.1453492,0,0,0
553,1,fixation_before,553,197607688240000,9.1619842,0,0,0
554,1,fixation_before,554,197607704875500,9.1786197,0,0,0
555,1,fixation_before,555,197607721551200,9.1952954,0,0,0
556,1,fixation_before,556,197607738226900,9.2119711,0,0,0
557,1,fixation_before,557,197607754888200,9.2286324,0,0,0
558,1,fixation_before,558,197607771566600,9.2453108,0,0,0
559,1,fixation_before,559,197607788329000,9.2620732,0,0,0
560,1,fixation_before,560,197607804858700,9.2786029,0,0,0
561,1,fixation_before,561,197607821533800,9.295278,0,0,0
562,1,fixation_before,562,197607838210800,9.311955,0,0,0
563,1,fixation_before,563,197607854923600,9.3286678,0,0,0
564,1,fixation_before,564,197607871523500,9.3452677,0,0,0
565,1,fixation_before,565,197607888211500,9.3619557,0,0,0
566,1,fixation_before,566,197607904847000,9.3785912,0,0,0
567,1,fixation_before,567,197607921525800,9.39527,0,0,0
568,1,fixation_before,568,197607938199600,9.4119438,0,0,0
569,1,fixation_before,569,197607954868000,9.4286122,0,0,0
570,1,fixation_before,570,197607971608400,9.4453526,0,0,0
571,1,fixation_before,571,197607988168400,9.4619126,0,0,0
572,1,fixation_before,572,197608004820900,9.4785651,0,0,0
573,1,fixation_before,573,197608021484900,9.4952291,0,0,0
574,1,fixation_before,574,197608038277300,9.5120215,0,0,0
575,1,fixation_before,575,197608054839000,9.5285832,0,0,0
576,1,fixation_before,576,197608071478800,9.545223,0,0,0
577,1,fixation_before,577,197608088170100,9.5619143,0,0,0
578,1,fixation_before,578,197608104820000,9.5785642,0,0,0
579,1,fixation_before,579,197608121498600,9.5952428,0,0,0
580,1,fixation_before,580,197608138157500,9.6119017,0,0,0
581,1,fixation_before,581,197608154807700,9.6285519,0,0,0
582,1,fixation_before,582,197608171474900,9.6452191,0,0,0
583,1,fixation_before,583,197608188158100,9.6619023,0,0,0
584,1,fixation_before,584,197608204798300,9.6785425,0,0,0
585,1,fixation_before,585,197608221499000,9.6952432,0,0,0
586,1,fixation_before,586,197608238153400,9.7118976,0,0,0
587,1,fixation_before,587,197608254795600,9.7285398,0,0,0
588,1,fixation_before,588,197608271449400,9.7451936,0,0,0
589,1,fixation_before,589,197608288204100,9.7619483,0,0,0
590,1,fixation_before,590,197608304771300,9.7785155,0,0,0
591,1,fixation_before,591,197608321437300,9.7951815,0,0,0
592,1,fixation_before,592,197608338133200,9.8118774,0,0,0
593,1,fixation_before,593,197608354772600,9.8285168,0,0,0
594,1,fixation_before,594,197608371416000,9.8451602,0,0,0
595,1,fixation_before,595,197608388126400,9.8618706,0,0,0
596,1,fixation_before,596,197608404761000,9.8785052,0,0,0
597,1,fixation_before,597,197608421433700,9.8951779,0,0,0
598,1,fixation_before,598,197608438107100,9.9118513,0,0,0
599,1,fixation_before,599,197608454799500,9.9285437,0,0,0
600,2,stimulus,0,197608471371800,9.945116,1,0,0
601,2,stimulus,1,197608488043900,9.9617881,1,0,0
602,2,stimulus,2,197608504673100,9.9784173,1,0,0
603,2,stimulus,3,197608521432300,9.9951765,1,1,1
604,2,stimulus,4,197608538126600,10.0118708,1,1,1
605,2,stimulus,5,197608554833900,10.0285781,1,1,1
606,2,stimulus,6,197608571347200,10.0450914,1,0,0
607,2,stimulus,7,197608588002200,10.0617464,1,0,0
608,2,stimulus,8,197608604648700,10.0783929,1,0,0
609,2,stimulus,9,197608621426600,10.0951708,1,1,1
610,2,stimulus,10,197608638114900,10.1118591,1,1,1
611,2,stimulus,11,197608654723200,10.1284674,1,1,1
612,2,stimulus,12,197608671309800,10.145054,1,0,0
613,2,stimulus,13,197608687973700,10.1617179,1,0,0
614,2,stimulus,14,197608704642600,10.1783868,1,0,0
615,2,stimulus,15,197608721446600,10.1951908,1,1,1
616,2,stimulus,16,197608738081900,10.2118261,1,1,1
617,2,stimulus,17,197608754707900,10.2284521,1,1,1
618,2,stimulus,18,197608771289600,10.2450338,1,0,0
619,2,stimulus,19,197608787984700,10.2617289,1,0,0
620,2,stimulus,20,197608804632000,10.2783762,1,0,0
621,2,stimulus,21,197608821368400,10.2951126,1,1,1
622,2,stimulus,22,197608838040700,10.3117849,1,1,1
623,2,stimulus,23,197608854696000,10.3284402,1,1,1
624,2,stimulus,24,197608871266100,10.3450103,1,0,0
625,2,stimulus,25,197608887962500,10.3617067,1,0,0
626,2,stimulus,26,197608904604200,10.3783484,1,0,0
627,2,stimulus,27,197608921383700,10.3951279,1,1,1
628,2,stimulus,28,197608938043900,10.4117881,1,1,1
629,2,stimulus,29,197608954670500,10.4284147,1,1,1
630,2,stimulus,30,197608971248700,10.4449929,1,0,0
631,2,stimulus,31,197608987930900,10.4616751,1,0,0
632,2,stimulus,32,197609004587500,10.4783317,1,0,0
633,2,stimulus,33,197609021386600,10.4951308,1,1,1
634,2,stimulus,34,197609038040700,10.5117849,1,1,1
635,2,stimulus,35,197609054667200,10.5284114,1,1,1
636,2,stimulus,36,197609071348000,10.5450922,1,0,0
637,2,stimulus,37,197609087923000,10.5616672,1,0,0
638,2,stimulus,38,197609104545400,10.5782896,1,0,0
639,2,stimulus,39,197609121410700,10.5951549,1,1,1
640,2,stimulus,40,197609138001000,10.6117452,1,1,1
641,2,stimulus,41,197609154653700,10.6283979,1,1,1
642,2,stimulus,42,197609171215600,10.6449598,1,0,0
643,2,stimulus,43,197609187889900,10.6616341,1,0,0
644,2,stimulus,44,197609204559800,10.678304,1,0,0
645,2,stimulus,45,197609221380400,10.6951246,1,1,1
646,2,stimulus,46,197609237985000,10.7117292,1,1,1
647,2,stimulus,47,197609254621000,10.7283652,1,1,1
648,2,stimulus,48,197609271208100,10.7449523,1,0,0
649,2,stimulus,49,197609287875300,10.7616195,1,0,0
650,2,stimulus,50,197609304538900,10.7782831,1,0,0
651,2,stimulus,51,197609321378900,10.7951231,1,1,1
652,2,stimulus,52,197609338029200,10.8117734,1,1,1
653,2,stimulus,53,197609354610700,10.8283549,1,1,1
654,2,stimulus,54,197609371196000,10.8449402,1,0,0
655,2,stimulus,55,197609387864000,10.8616082,1,0,0
656,2,stimulus,56,197609404498700,10.8782429,1,0,0
657,2,stimulus,57,197609421234700,10.8949789,1,1,1
658,2,stimulus,58,197609437917700,10.9116619,1,1,1
659,2,stimulus,59,197609454572300,10.9283165,1,1,1
660,2,stimulus,60,197609471156700,10.9449009,1,0,0
661,2,stimulus,61,197609487816000,10.9615602,1,0,0
662,2,stimulus,62,197609504508000,10.9782522,1,0,0
663,2,stimulus,63,197609521276500,10.9950207,1,1,1
664,2,stimulus,64,197609537883400,11.0116276,1,1,1
665,2,stimulus,65,197609554556200,11.0283004,1,1,1
666,2,stimulus,66,197609571156500,11.0449007,1,0,0
667,2,stimulus,67,197609587948500,11.0616927,1,0,0
668,2,stimulus,68,197609604486800,11.078231,1,0,0
669,2,stimulus,69,197609621287200,11.0950314,1,1,1
670,2,stimulus,70,197609637899500,11.1116437,1,1,1
671,2,stimulus,71,197609654537100,11.1282813,1,1,1
672,2,stimulus,72,197609671139800,11.144884,1,0,0
673,2,stimulus,73,197609687803700,11.1615479,1,0,0
674,2,stimulus,74,197609704456100,11.1782003,1,0,0
675,2,stimulus,75,197609721223900,11.1949681,1,1,1
676,2,stimulus,76,197609737857700,11.2116019,1,1,1
677,2,stimulus,77,197609754506000,11.2282502,1,1,1
678,2,stimulus,78,197609771105700,11.2448499,1,0,0
679,2,stimulus,79,197609787766200,11.2615104,1,0,0
680,2,stimulus,80,197609804456000,11.2782002,1,0,0
681,2,stimulus,81,197609821240300,11.2949845,1,1,1
682,2,stimulus,82,197609837977900,11.3117221,1,1,1
683,2,stimulus,83,197609854519400,11.3282636,1,1,1
684,2,stimulus,84,197609871109100,11.3448533,1,0,0
685,2,stimulus,85,197609887774900,11.3615191,1,0,0
686,2,stimulus,86,197609904438600,11.3781828,1,0,0
687,2,stimulus,87,197609921219100,11.3949633,1,1,1
688,2,stimulus,88,197609937854900,11.4115991,1,1,1
689,2,stimulus,89,197609954524900,11.4282691,1,1,1
690,2,stimulus,90,197609971112800,11.444857,1,0,0
691,2,stimulus,91,197609987761800,11.461506,1,0,0
692,2,stimulus,92,197610004448200,11.4781924,1,0,0
693,2,stimulus,93,197610021250300,11.4949945,1,1,1
694,2,stimulus,94,197610037826300,11.5115705,1,1,1
695,2,stimulus,95,197610054494300,11.5282385,1,1,1
696,2,stimulus,96,197610071067300,11.5448115,1,0,0
697,2,stimulus,97,197610087741300,11.5614855,1,0,0
698,2,stimulus,98,197610104408000,11.5781522,1,0,0
699,2,stimulus,99,197610121195900,11.5949401,1,1,1
700,2,stimulus,100,197610137821400,11.6115656,1,1,1
701,2,stimulus,101,197610154477700,11.6282219,1,1,1
702,2,stimulus,102,197610171062200,11.6448064,1,0,0
703,2,stimulus,103,197610187726800,11.661471,1,0,0
704,2,stimulus,104,197610204405700,11.6781499,1,0,0
705,2,stimulus,105,197610221174800,11.694919,1,1,1
706,2,stimulus,106,197610237794600,11.7115388,1,1,1
707,2,stimulus,107,197610254468300,11.7282125,1,1,1
708,2,stimulus,108,197610271061100,11.7448053,1,0,0
709,2,stimulus,109,197610287710200,11.7614544,1,0,0
710,2,stimulus,110,197610304378200,11.7781224,1,0,0
711,2,stimulus,111,197610321162700,11.7949069,1,1,1
712,2,stimulus,112,197610337781200,11.8115254,1,1,1
713,2,stimulus,113,197610354454000,11.8281982,1,1,1
714,2,stimulus,114,197610371114500,11.8448587,1,0,0
715,2,stimulus,115,197610387688200,11.8614324,1,0,0
716,2,stimulus,116,197610404370200,11.8781144,1,0,0
717,2,stimulus,117,197610421149800,11.894894,1,1,1
718,2,stimulus,118,197610437761600,11.9115058,1,1,1
719,2,stimulus,119,197610454447000,11.9281912,1,1,1
720,2,stimulus,120,197610471049400,11.9447936,1,0,0
721,2,stimulus,121,197610487678200,11.9614224,1,0,0
722,2,stimulus,122,197610504339400,11.9780836,1,0,0
723,2,stimulus,123,197610521147900,11.9948921,1,1,1
724,2,stimulus,124,197610537743400,12.0114876,1,1,1
725,2,stimulus,125,197610554428500,12.0281727,1,1,1
726,2,stimulus,126,197610571004700,12.0447489,1,0,0
727,2,stimulus,127,197610587669300,12.0614135,1,0,0
728,2,stimulus,128,197610604312900,12.0780571,1,0,0
729,2,stimulus,129,197610621259900,12.0950041,1,1,1
730,2,stimulus,130,197610637762800,12.111507,1,1,1
731,2,stimulus,131,197610654431100,12.1281753,1,1,1
732,2,stimulus,132,197610671003200,12.1447474,1,0,0
733,2,stimulus,133,197610687637900,12.1613821,1,0,0
734,2,stimulus,134,197610704303300,12.1780475,1,0,0
735,2,stimulus,135,197610721082500,12.1948267,1,1,1
736,2,stimulus,136,197610737709300,12.2114535,1,1,1
737,2,stimulus,137,197610754419500,12.2281637,1,1,1
738,2,stimulus,138,197610770961400,12.2447056,1,0,0
739,2,stimulus,139,197610787626600,12.2613708,1,0,0
740,2,stimulus,140,197610804289400,12.2780336,1,0,0
741,2,stimulus,141,197610821058800,12.294803,1,1,1
742,2,stimulus,142,197610837692400,12.3114366,1,1,1
743,2,stimulus,143,197610854420900,12.3281651,1,1,1
744,2,stimulus,144,197610870980200,12.3447244,1,0,0
745,2,stimulus,145,197610887697700,12.3614419,1,0,0
746,2,stimulus,146,197610904262500,12.3780067,1,0,0
747,2,stimulus,147,197610921062900,12.3948071,1,1,1
748,2,stimulus,148,197610937703000,12.4114472,1,1,1
749,2,stimulus,149,197610954394100,12.4281383,1,1,1
750,2,stimulus,150,197610970924800,12.444669,1,0,0
751,2,stimulus,151,197610987584000,12.4613282,1,0,0
752,2,stimulus,152,197611004249600,12.4779938,1,0,0
753,2,stimulus,153,197611020994800,12.494739,1,1,1
754,2,stimulus,154,197611037709800,12.511454,1,1,1
755,2,stimulus,155,197611054343700,12.5280879,1,1,1
756,2,stimulus,156,197611070909300,12.5446535,1,0,0
757,2,stimulus,157,197611087576500,12.5613207,1,0,0
758,2,stimulus,158,197611104237100,12.5779813,1,0,0
759,2,stimulus,159,197611121006800,12.594751,1,1,1
760,2,stimulus,160,197611137640000,12.6113842,1,1,1
761,2,stimulus,161,197611154429700,12.6281739,1,1,1
762,2,stimulus,162,197611170886300,12.6446305,1,0,0
763,2,stimulus,163,197611187557400,12.6613016,1,0,0
764,2,stimulus,164,197611204220400,12.6779646,1,0,0
765,2,stimulus,165,197611220966100,12.6947103,1,1,1
766,2,stimulus,166,197611237616400,12.7113606,1,1,1
767,2,stimulus,167,197611254344000,12.7280882,1,1,1
768,2,stimulus,168,197611270874800,12.744619,1,0,0
769,2,stimulus,169,197611287538800,12.761283,1,0,0
770,2,stimulus,170,197611304192800,12.777937,1,0,0
771,2,stimulus,171,197611320954200,12.7946984,1,1,1
772,2,stimulus,172,197611337632500,12.8113767,1,1,1
773,2,stimulus,173,197611354292100,12.8280363,1,1,1
774,2,stimulus,174,197611370858500,12.8446027,1,0,0
775,2,stimulus,175,197611387518800,12.861263,1,0,0
776,2,stimulus,176,197611404264300,12.8780085,1,0,0
777,2,stimulus,177,197611420928200,12.8946724,1,1,1
778,2,stimulus,178,197611437585300,12.9113295,1,1,1
779,2,stimulus,179,197611454241300,12.9279855,1,1,1
780,2,stimulus,180,197611470845100,12.9445893,1,0,0
781,2,stimulus,181,197611487504900,12.9612491,1,0,0
782,2,stimulus,182,197611504167500,12.9779117,1,0,0
783,2,stimulus,183,197611520908400,12.9946526,1,1,1
784,2,stimulus,184,197611537593300,13.0113375,1,1,1
785,2,stimulus,185,197611554237500,13.0279817,1,1,1
786,2,stimulus,186,197611570823900,13.0445681,1,0,0
787,2,stimulus,187,197611587461300,13.0612055,1,0,0
788,2,stimulus,188,197611604136900,13.0778811,1,0,0
789,2,stimulus,189,197611620906400,13.0946506,1,1,1
790,2,stimulus,190,197611637544500,13.1112887,1,1,1
791,2,stimulus,191,197611654217500,13.1279617,1,1,1
792,2,stimulus,192,197611670868000,13.1446122,1,0,0
793,2,stimulus,193,197611687448800,13.161193,1,0,0
794,2,stimulus,194,197611704134800,13.177879,1,0,0
795,2,stimulus,195,197611720921900,13.1946661,1,1,1
796,2,stimulus,196,197611737552600,13.2112968,1,1,1
797,2,stimulus,197,197611754233100,13.2279773,1,1,1
798,2,stimulus,198,197611770792200,13.2445364,1,0,0
799,2,stimulus,199,197611787475900,13.2612201,1,0,0
800,2,stimulus,200,197611804135300,13.2778795,1,0,0
801,2,stimulus,201,197611820858000,13.2946022,1,1,1
802,2,stimulus,202,197611837522400,13.3112666,1,1,1
803,2,stimulus,203,197611854182300,13.3279265,1,1,1
804,2,stimulus,204,197611870789600,13.3445338,1,0,0
805,2,stimulus,205,197611887439000,13.3611832,1,0,0
806,2,stimulus,206,197611904079400,13.3778236,1,0,0
807,2,stimulus,207,197611920919600,13.3946638,1,1,1
808,2,stimulus,208,197611937482100,13.4112263,1,1,1
809,2,stimulus,209,197611954149400,13.4278936,1,1,1
810,2,stimulus,210,197611970733400,13.4444776,1,0,0
811,2,stimulus,211,197611987397000,13.4611412,1,0,0
812,2,stimulus,212,197612004110600,13.4778548,1,0,0
813,2,stimulus,213,197612020839200,13.4945834,1,1,1
814,2,stimulus,214,197612037528200,13.5112724,1,1,1
815,2,stimulus,215,197612054156800,13.527901,1,1,1
816,2,stimulus,216,197612070743800,13.544488,1,0,0
817,2,stimulus,217,197612087431100,13.5611753,1,0,0
818,2,stimulus,218,197612104089000,13.5778332,1,0,0
819,2,stimulus,219,197612120817000,13.5945612,1,1,1
820,2,stimulus,220,197612137540200,13.6112844,1,1,1
821,2,stimulus,221,197612154172900,13.6279171,1,1,1
822,2,stimulus,222,197612170820400,13.6445646,1,0,0
823,2,stimulus,223,197612187395400,13.6611396,1,0,0
824,2,stimulus,224,197612204087500,13.6778317,1,0,0
825,2,stimulus,225,197612220829100,13.6945733,1,1,1
826,2,stimulus,226,197612237484200,13.7112284,1,1,1
827,2,stimulus,227,197612254162400,13.7279066,1,1,1
828,2,stimulus,228,197612270711600,13.7444558,1,0,0
829,2,stimulus,229,197612287390900,13.7611351,1,0,0
830,2,stimulus,230,197612304047600,13.7777918,1,0,0
831,2,stimulus,231,197612320798300,13.7945425,1,1,1
832,2,stimulus,232,197612337492300,13.8112365,1,1,1
833,2,stimulus,233,197612354126000,13.8278702,1,1,1
834,2,stimulus,234,197612370691200,13.8444354,1,0,0
835,2,stimulus,235,197612387352000,13.8610962,1,0,0
836,2,stimulus,236,197612404018500,13.8777627,1,0,0
837,2,stimulus,237,197612420802700,13.8945469,1,1,1
838,2,stimulus,238,197612437543700,13.9112879,1,1,1
839,2,stimulus,239,197612454109300,13.9278535,1,1,1
840,2,stimulus,240,197612470675700,13.9444199,1,0,0
841,2,stimulus,241,197612487334800,13.961079,1,0,0
842,2,stimulus,242,197612504005900,13.9777501,1,0,0
843,2,stimulus,243,197612520758200,13.9945024,1,1,1
844,2,stimulus,244,197612537432500,14.0111767,1,1,1
845,2,stimulus,245,197612554063800,14.027808,1,1,1
846,2,stimulus,246,197612570668900,14.0444131,1,0,0
847,2,stimulus,247,197612587316700,14.0610609,1,0,0
848,2,stimulus,248,197612603963100,14.0777073,1,0,0
849,2,stimulus,249,197612620710700,14.0944549,1,1,1
850,2,stimulus,250,197612637371500,14.1111157,1,1,1
851,2,stimulus,251,197612654041400,14.1277856,1,1,1
852,2,stimulus,252,197612670618400,14.1443626,1,0,0
853,2,stimulus,253,197612687295000,14.1610392,1,0,0
854,2,stimulus,254,197612704069500,14.1778137,1,0,0
855,2,stimulus,255,197612720729000,14.1944732,1,1,1
856,2,stimulus,256,197612737397800,14.211142,1,1,1
857,2,stimulus,257,197612754082300,14.2278265,1,1,1
858,2,stimulus,258,197612770620700,14.2443649,1,0,0
859,2,stimulus,259,197612787306300,14.2610505,1,0,0
860,2,stimulus,260,197612803947300,14.2776915,1,0,0
861,2,stimulus,261,197612820688600,14.2944328,1,1,1
862,2,stimulus,262,197612837351000,14.3110952,1,1,1
863,2,stimulus,263,197612854057000,14.3278012,1,1,1
864,2,stimulus,264,197612870604900,14.3443491,1,0,0
865,2,stimulus,265,197612887263200,14.3610074,1,0,0
866,2,stimulus,266,197612903910900,14.3776551,1,0,0
867,2,stimulus,267,197612920660600,14.3944048,1,1,1
868,2,stimulus,268,197612937345400,14.4110896,1,1,1
869,2,stimulus,269,197612953973300,14.4277175,1,1,1
870,2,stimulus,270,197612970647000,14.4443912,1,0,0
871,2,stimulus,271,197612987231400,14.4609756,1,0,0
872,2,stimulus,272,197613003916700,14.4776609,1,0,0
873,2,stimulus,273,197613020670200,14.4944144,1,1,1
874,2,stimulus,274,197613037347600,14.5110918,1,1,1
875,2,stimulus,275,197613053989100,14.5277333,1,1,1
876,2,stimulus,276,197613070579400,14.5443236,1,0,0
877,2,stimulus,277,197613087233900,14.5609781,1,0,0
878,2,stimulus,278,197613103874600,14.5776188,1,0,0
879,2,stimulus,279,197613120622200,14.5943664,1,1,1
880,2,stimulus,280,197613137276400,14.6110206,1,1,1
881,2,stimulus,281,197613153965600,14.6277098,1,1,1
882,2,stimulus,282,197613170536900,14.6442811,1,0,0
883,2,stimulus,283,197613187199000,14.6609432,1,0,0
884,2,stimulus,284,197613203885600,14.6776298,1,0,0
885,2,stimulus,285,197613220632500,14.6943767,1,1,1
886,2,stimulus,286,197613237386400,14.7111306,1,1,1
887,2,stimulus,287,197613253966200,14.7277104,1,1,1
888,2,stimulus,288,197613270535900,14.7442801,1,0,0
889,2,stimulus,289,197613287201400,14.7609456,1,0,0
890,2,stimulus,290,197613303870800,14.777615,1,0,0
891,2,stimulus,291,197613320676900,14.7944211,1,1,1
892,2,stimulus,292,197613337264200,14.8110084,1,1,1
893,2,stimulus,293,197613353948200,14.8276924,1,1,1
894,2,stimulus,294,197613370530700,14.8442749,1,0,0
895,2,stimulus,295,197613387189500,14.8609337,1,0,0
896,2,stimulus,296,197613403847800,14.877592,1,0,0
897,2,stimulus,297,197613420585000,14.8943292,1,1,1
898,2,stimulus,298,197613437274800,14.911019,1,1,1
899,2,stimulus,299,197613453923300,14.9276675,1,1,1
900,3,fixation_after,0,197613470599500,14.9443437,0,0,0
901,3,fixation_after,1,197613487337000,14.9610812,0,0,0
902,3,fixation_after,2,197613503897200,14.9776414,0,0,0
903,3,fixation_after,3,197613520590500,14.9943347,0,0,0
904,3,fixation_after,4,197613537228500,15.0109727,0,0,0
905,3,fixation_after,5,197613553883900,15.0276281,0,0,0
906,3,fixation_after,6,197613570594900,15.0443391,0,0,0
907,3,fixation_after,7,197613587225100,15.0609693,0,0,0
908,3,fixation_after,8,197613603875600,15.0776198,0,0,0
909,3,fixation_after,9,197613620511900,15.0942561,0,0,0
910,3,fixation_after,10,197613637224800,15.110969,0,0,0
911,3,fixation_after,11,197613653878200,15.1276224,0,0,0
912,3,fixation_after,12,197613670531300,15.1442755,0,0,0
913,3,fixation_after,13,197613687222700,15.1609669,0,0,0
914,3,fixation_after,14,197613703874400,15.1776186,0,0,0
915,3,fixation_after,15,197613720515300,15.1942595,0,0,0
916,3,fixation_after,16,197613737243400,15.2109876,0,0,0
917,3,fixation_after,17,197613753981800,15.227726,0,0,0
918,3,fixation_after,18,197613770544500,15.2442887,0,0,0
919,3,fixation_after,19,197613787227200,15.2609714,0,0,0
920,3,fixation_after,20,197613803853600,15.2775978,0,0,0
921,3,fixation_after,21,197613820525700,15.2942699,0,0,0
922,3,fixation_after,22,197613837227700,15.3109719,0,0,0
923,3,fixation_after,23,197613853848400,15.3275926,0,0,0
924,3,fixation_after,24,197613870526800,15.344271,0,0,0
925,3,fixation_after,25,197613887196900,15.3609411,0,0,0
926,3,fixation_after,26,197613903842700,15.3775869,0,0,0
927,3,fixation_after,27,197613920531800,15.394276,0,0,0
928,3,fixation_after,28,197613937213700,15.4109579,0,0,0
929,3,fixation_after,29,197613953822000,15.4275662,0,0,0
930,3,fixation_after,30,197613970512300,15.4442565,0,0,0
931,3,fixation_after,31,197613987206300,15.4609505,0,0,0
932,3,fixation_after,32,197614003836700,15.4775809,0,0,0
933,3,fixation_after,33,197614020630000,15.4943742,0,0,0
934,3,fixation_after,34,197614037191000,15.5109352,0,0,0
935,3,fixation_after,35,197614053808000,15.5275522,0,0,0
936,3,fixation_after,36,197614070506600,15.5442508,0,0,0
937,3,fixation_after,37,197614087168200,15.5609124,0,0,0
938,3,fixation_after,38,197614103808600,15.5775528,0,0,0
939,3,fixation_after,39,197614120495700,15.5942399,0,0,0
940,3,fixation_after,40,197614137164900,15.6109091,0,0,0
941,3,fixation_after,41,197614153796100,15.6275403,0,0,0
942,3,fixation_after,42,197614170518400,15.6442626,0,0,0
943,3,fixation_after,43,197614187189100,15.6609333,0,0,0
944,3,fixation_after,44,197614203804300,15.6775485,0,0,0
945,3,fixation_after,45,197614220501300,15.6942455,0,0,0
946,3,fixation_after,46,197614237145800,15.71089,0,0,0
947,3,fixation_after,47,197614253786900,15.7275311,0,0,0
948,3,fixation_after,48,197614270504800,15.744249,0,0,0
949,3,fixation_after,49,197614287177700,15.7609219,0,0,0
950,3,fixation_after,50,197614303771500,15.7775157,0,0,0
951,3,fixation_after,51,197614320492900,15.7942371,0,0,0
952,3,fixation_after,52,197614337195600,15.8109398,0,0,0
953,3,fixation_after,53,197614353778000,15.8275222,0,0,0
954,3,fixation_after,54,197614370451700,15.8441959,0,0,0
955,3,fixation_after,55,197614387086700,15.8608309,0,0,0
956,3,fixation_after,56,197614403744900,15.8774891,0,0,0
957,3,fixation_after,57,197614420413900,15.8941581,0,0,0
958,3,fixation_after,58,197614437081300,15.9108255,0,0,0
959,3,fixation_after,59,197614453742500,15.9274867,0,0,0
960,3,fixation_after,60,197614470415900,15.9441601,0,0,0
961,3,fixation_after,61,197614487141000,15.9608852,0,0,0
962,3,fixation_after,62,197614503721500,15.9774657,0,0,0
963,3,fixation_after,63,197614520386500,15.9941307,0,0,0
964,3,fixation_after,64,197614537125000,16.0108692,0,0,0
965,3,fixation_after,65,197614553714300,16.0274585,0,0,0
966,3,fixation_after,66,197614570372900,16.0441171,0,0,0
967,3,fixation_after,67,197614587045900,16.0607901,0,0,0
968,3,fixation_after,68,197614603719600,16.0774638,0,0,0
969,3,fixation_after,69,197614620416700,16.0941609,0,0,0
970,3,fixation_after,70,197614637044900,16.1107891,0,0,0
971,3,fixation_after,71,197614653705800,16.12745,0,0,0
972,3,fixation_after,72,197614670407400,16.1441516,0,0,0
973,3,fixation_after,73,197614687038400,16.1607826,0,0,0
974,3,fixation_after,74,197614703695100,16.1774393,0,0,0
975,3,fixation_after,75,197614720385800,16.19413,0,0,0
976,3,fixation_after,76,197614737076200,16.2108204,0,0,0
977,3,fixation_after,77,197614753698700,16.2274429,0,0,0
978,3,fixation_after,78,197614770392400,16.2441366,0,0,0
979,3,fixation_after,79,197614787103700,16.2608479,0,0,0
980,3,fixation_after,80,197614803661900,16.2774061,0,0,0
981,3,fixation_after,81,197614820342600,16.2940868,0,0,0
982,3,fixation_after,82,197614836994200,16.3107384,0,0,0
983,3,fixation_after,83,197614853656200,16.3274004,0,0,0
984,3,fixation_after,84,197614870317800,16.344062,0,0,0
985,3,fixation_after,85,197614886981100,16.3607253,0,0,0
986,3,fixation_after,86,197614903679300,16.3774235,0,0,0
987,3,fixation_after,87,197614920353100,16.3940973,0,0,0
988,3,fixation_after,88,197614936991700,16.4107359,0,0,0
989,3,fixation_after,89,197614953664200,16.4274084,0,0,0
990,3,fixation_after,90,197614970348000,16.4440922,0,0,0
991,3,fixation_after,91,197614986997100,16.4607413,0,0,0
992,3,fixation_after,92,197615003653200,16.4773974,0,0,0
993,3,fixation_after,93,197615020314000,16.4940582,0,0,0
994,3,fixation_after,94,197615037002800,16.510747,0,0,0
995,3,fixation_after,95,197615053706500,16.5274507,0,0,0
996,3,fixation_after,96,197615070333100,16.5440773,0,0,0
997,3,fixation_after,97,197615086970200,16.5607144,0,0,0
998,3,fixation_after,98,197615103641600,16.5773858,0,0,0
999,3,fixation_after,99,197615120305600,16.5940498,0,0,0
1000,3,fixation_after,100,197615136964700,16.6107089,0,0,0
1001,3,fixation_after,101,197615153660700,16.6274049,0,0,0
1002,3,fixation_after,102,197615170333700,16.6440779,0,0,0
1003,3,fixation_after,103,197615186985500,16.6607297,0,0,0
1004,3,fixation_after,104,197615203638900,16.6773831,0,0,0
1005,3,fixation_after,105,197615220320800,16.694065,0,0,0
1006,3,fixation_after,106,197615236970500,16.7107147,0,0,0
1007,3,fixation_after,107,197615253615800,16.72736,0,0,0
1008,3,fixation_after,108,197615270305600,16.7440498,0,0,0
1009,3,fixation_after,109,197615286942300,16.7606865,0,0,0
1010,3,fixation_after,110,197615303845100,16.7775893,0,0,0
1011,3,fixation_after,111,197615320283900,16.7940281,0,0,0
1012,3,fixation_after,112,197615336930400,16.8106746,0,0,0
1013,3,fixation_after,113,197615353607100,16.8273513,0,0,0
1014,3,fixation_after,114,197615370302900,16.8440471,0,0,0
1015,3,fixation_after,115,197615386931700,16.8606759,0,0,0
1016,3,fixation_after,116,197615403594500,16.8773387,0,0,0
1017,3,fixation_after,117,197615420221000,16.8939652,0,0,0
1018,3,fixation_after,118,197615436923600,16.9106678,0,0,0
1019,3,fixation_after,119,197615453591700,16.9273359,0,0,0
1020,3,fixation_after,120,197615470255400,16.9439996,0,0,0
1021,3,fixation_after,121,197615486900300,16.9606445,0,0,0
1022,3,fixation_after,122,197615503538900,16.9772831,0,0,0
1023,3,fixation_after,123,197615520234100,16.9939783,0,0,0
1024,3,fixation_after,124,197615536890800,17.010635,0,0,0
1025,3,fixation_after,125,197615553542500,17.0272867,0,0,0
1026,3,fixation_after,126,197615570271100,17.0440153,0,0,0
1027,3,fixation_after,127,197615586860600,17.0606048,0,0,0
1028,3,fixation_after,128,197615603702300,17.0774465,0,0,0
1029,3,fixation_after,129,197615620287800,17.094032,0,0,0
1030,3,fixation_after,130,197615636896800,17.110641,0,0,0
1031,3,fixation_after,131,197615653558400,17.1273026,0,0,0
1032,3,fixation_after,132,197615670261800,17.144006,0,0,0
1033,3,fixation_after,133,197615686875200,17.1606194,0,0,0
1034,3,fixation_after,134,197615703573200,17.1773174,0,0,0
1035,3,fixation_after,135,197615720229600,17.1939738,0,0,0
1036,3,fixation_after,136,197615736888200,17.2106324,0,0,0
1037,3,fixation_after,137,197615753557500,17.2273017,0,0,0
1038,3,fixation_after,138,197615770227700,17.2439719,0,0,0
1039,3,fixation_after,139,197615786860300,17.2606045,0,0,0
1040,3,fixation_after,140,197615803501400,17.2772456,0,0,0
1041,3,fixation_after,141,197615820185700,17.2939299,0,0,0
1042,3,fixation_after,142,197615836845200,17.3105894,0,0,0
1043,3,fixation_after,143,197615853524800,17.327269,0,0,0
1044,3,fixation_after,144,197615870168700,17.3439129,0,0,0
1045,3,fixation_after,145,197615886812200,17.3605564,0,0,0
1046,3,fixation_after,146,197615903566600,17.3773108,0,0,0
1047,3,fixation_after,147,197615920216600,17.3939608,0,0,0
1048,3,fixation_after,148,197615936862200,17.4106064,0,0,0
1049,3,fixation_after,149,197615953538100,17.4272823,0,0,0
1050,3,fixation_after,150,197615970197100,17.4439413,0,0,0
1051,3,fixation_after,151,197615986842000,17.4605862,0,0,0
1052,3,fixation_after,152,197616003545200,17.4772894,0,0,0
1053,3,fixation_after,153,197616020238900,17.4939831,0,0,0
1054,3,fixation_after,154,197616036808100,17.5105523,0,0,0
1055,3,fixation_after,155,197616053549300,17.5272935,0,0,0
1056,3,fixation_after,156,197616070190100,17.5439343,0,0,0
1057,3,fixation_after,157,197616086934000,17.5606782,0,0,0
1058,3,fixation_after,158,197616103518700,17.5772629,0,0,0
1059,3,fixation_after,159,197616120194200,17.5939384,0,0,0
1060,3,fixation_after,160,197616136828800,17.610573,0,0,0
1061,3,fixation_after,161,197616153531400,17.6272756,0,0,0
1062,3,fixation_after,162,197616170145800,17.64389,0,0,0
1063,3,fixation_after,163,197616186785500,17.6605297,0,0,0
1064,3,fixation_after,164,197616203492200,17.6772364,0,0,0
1065,3,fixation_after,165,197616220144800,17.693889,0,0,0
1066,3,fixation_after,166,197616236832700,17.7105769,0,0,0
1067,3,fixation_after,167,197616253466000,17.7272102,0,0,0
1068,3,fixation_after,168,197616270114000,17.7438582,0,0,0
1069,3,fixation_after,169,197616286764800,17.760509,0,0,0
1070,3,fixation_after,170,197616303455300,17.7771995,0,0,0
1071,3,fixation_after,171,197616320151100,17.7938953,0,0,0
1072,3,fixation_after,172,197616336791800,17.810536,0,0,0
1073,3,fixation_after,173,197616353554800,17.827299,0,0,0
1074,3,fixation_after,174,197616370107200,17.8438514,0,0,0
1075,3,fixation_after,175,197616386777700,17.8605219,0,0,0
1076,3,fixation_after,176,197616403405600,17.8771498,0,0,0
1077,3,fixation_after,177,197616420060900,17.8938051,0,0,0
1078,3,fixation_after,178,197616436727800,17.910472,0,0,0
1079,3,fixation_after,179,197616453392400,17.9271366,0,0,0
1080,3,fixation_after,180,197616470059500,17.9438037,0,0,0
1081,3,fixation_after,181,197616486715800,17.96046,0,0,0
1082,3,fixation_after,182,197616503430600,17.9771748,0,0,0
1083,3,fixation_after,183,197616520059000,17.9938032,0,0,0
1084,3,fixation_after,184,197616536724400,18.0104686,0,0,0
1085,3,fixation_after,185,197616553384600,18.0271288,0,0,0
1086,3,fixation_after,186,197616570074300,18.0438185,0,0,0
1087,3,fixation_after,187,197616586741500,18.0604857,0,0,0
1088,3,fixation_after,188,197616603416700,18.0771609,0,0,0
1089,3,fixation_after,189,197616620179200,18.0939234,0,0,0
1090,3,fixation_after,190,197616636718300,18.1104625,0,0,0
1091,3,fixation_after,191,197616653389800,18.127134,0,0,0
1092,3,fixation_after,192,197616670086800,18.143831,0,0,0
1093,3,fixation_after,193,197616686710100,18.1604543,0,0,0
1094,3,fixation_after,194,197616703397500,18.1771417,0,0,0
1095,3,fixation_after,195,197616720057200,18.1938014,0,0,0
1096,3,fixation_after,196,197616736691700,18.2104359,0,0,0
1097,3,fixation_after,197,197616753387100,18.2271313,0,0,0
1098,3,fixation_after,198,197616770017200,18.2437614,0,0,0
1099,3,fixation_after,199,197616786688500,18.2604327,0,0,0
1100,3,fixation_after,200,197616803331100,18.2770753,0,0,0
1101,3,fixation_after,201,197616820007600,18.2937518,0,0,0
1102,3,fixation_after,202,197616836651900,18.3103961,0,0,0
1103,3,fixation_after,203,197616853337100,18.3270813,0,0,0
1104,3,fixation_after,204,197616869986000,18.3437302,0,0,0
1105,3,fixation_after,205,197616886752200,18.3604964,0,0,0
1106,3,fixation_after,206,197616903359000,18.3771032,0,0,0
1107,3,fixation_after,207,197616920006700,18.3937509,0,0,0
1108,3,fixation_after,208,197616936687300,18.4104315,0,0,0
1109,3,fixation_after,209,197616953385200,18.4271294,0,0,0
1110,3,fixation_after,210,197616970236600,18.4439808,0,0,0
1111,3,fixation_after,211,197616986693100,18.4604373,0,0,0
1112,3,fixation_after,212,197617003325300,18.4770695,0,0,0
1113,3,fixation_after,213,197617020009800,18.493754,0,0,0
1114,3,fixation_after,214,197617036642400,18.5103866,0,0,0
1115,3,fixation_after,215,197617053341300,18.5270855,0,0,0
1116,3,fixation_after,216,197617069971300,18.5437155,0,0,0
1117,3,fixation_after,217,197617086670100,18.5604143,0,0,0
1118,3,fixation_after,218,197617103297000,18.5770412,0,0,0
1119,3,fixation_after,219,197617119964500,18.5937087,0,0,0
1120,3,fixation_after,220,197617136650000,18.6103942,0,0,0
1121,3,fixation_after,221,197617153400300,18.6271445,0,0,0
1122,3,fixation_after,222,197617169956800,18.643701,0,0,0
1123,3,fixation_after,223,197617186642800,18.660387,0,0,0
1124,3,fixation_after,224,197617203334900,18.6770791,0,0,0
1125,3,fixation_after,225,197617219939600,18.6936838,0,0,0
1126,3,fixation_after,226,197617236607500,18.7103517,0,0,0
1127,3,fixation_after,227,197617253295200,18.7270394,0,0,0
1128,3,fixation_after,228,197617269968800,18.743713,0,0,0
1129,3,fixation_after,229,197617286574800,18.760319,0,0,0
1130,3,fixation_after,230,197617303295400,18.7770396,0,0,0
1131,3,fixation_after,231,197617319934400,18.7936786,0,0,0
1132,3,fixation_after,232,197617336600400,18.8103446,0,0,0
1133,3,fixation_after,233,197617353289100,18.8270333,0,0,0
1134,3,fixation_after,234,197617369953800,18.843698,0,0,0
1135,3,fixation_after,235,197617386620000,18.8603642,0,0,0
1136,3,fixation_after,236,197617403304400,18.8770486,0,0,0
1137,3,fixation_after,237,197617419902400,18.8936466,0,0,0
1138,3,fixation_after,238,197617436566600,18.9103108,0,0,0
1139,3,fixation_after,239,197617453239800,18.926984,0,0,0
1140,3,fixation_after,240,197617469907500,18.9436517,0,0,0
1141,3,fixation_after,241,197617486541100,18.9602853,0,0,0
1142,3,fixation_after,242,197617503259900,18.9770041,0,0,0
1143,3,fixation_after,243,197617519902800,18.993647,0,0,0
1144,3,fixation_after,244,197617536564800,19.010309,0,0,0
1145,3,fixation_after,245,197617553265800,19.02701,0,0,0
1146,3,fixation_after,246,197617569901200,19.0436454,0,0,0
1147,3,fixation_after,247,197617586602700,19.0603469,0,0,0
1148,3,fixation_after,248,197617603245100,19.0769893,0,0,0
1149,3,fixation_after,249,197617619898800,19.093643,0,0,0
1150,3,fixation_after,250,197617636594700,19.1103389,0,0,0
1151,3,fixation_after,251,197617653193500,19.1269377,0,0,0
1152,3,fixation_after,252,197617669934500,19.1436787,0,0,0
1153,3,fixation_after,253,197617686597400,19.1603416,0,0,0
1154,3,fixation_after,254,197617703183800,19.176928,0,0,0
1155,3,fixation_after,255,197617719849200,19.1935934,0,0,0
1156,3,fixation_after,256,197617736553200,19.2102974,0,0,0
1157,3,fixation_after,257,197617753212000,19.2269562,0,0,0
1158,3,fixation_after,258,197617769836700,19.2435809,0,0,0
1159,3,fixation_after,259,197617786500400,19.2602446,0,0,0
1160,3,fixation_after,260,197617803220700,19.2769649,0,0,0
1161,3,fixation_after,261,197617819861700,19.2936059,0,0,0
1162,3,fixation_after,262,197617836572700,19.3103169,0,0,0
1163,3,fixation_after,263,197617853212400,19.3269566,0,0,0
1164,3,fixation_after,264,197617869833900,19.3435781,0,0,0
1165,3,fixation_after,265,197617886523500,19.3602677,0,0,0
1166,3,fixation_after,266,197617903200500,19.3769447,0,0,0
1167,3,fixation_after,267,197617919827600,19.3935718,0,0,0
1168,3,fixation_after,268,197617936631200,19.4103754,0,0,0
1169,3,fixation_after,269,197617953164100,19.4269083,0,0,0
1170,3,fixation_after,270,197617969860500,19.4436047,0,0,0
1171,3,fixation_after,271,197617986516500,19.4602607,0,0,0
1172,3,fixation_after,272,197618003149000,19.4768932,0,0,0
1173,3,fixation_after,273,197618019823700,19.4935679,0,0,0
1174,3,fixation_after,274,197618036507000,19.5102512,0,0,0
1175,3,fixation_after,275,197618053142700,19.5268869,0,0,0
1176,3,fixation_after,276,197618069833700,19.5435779,0,0,0
1177,3,fixation_after,277,197618086501200,19.5602454,0,0,0
1178,3,fixation_after,278,197618103132400,19.5768766,0,0,0
1179,3,fixation_after,279,197618119803600,19.5935478,0,0,0
1180,3,fixation_after,280,197618136483900,19.6102281,0,0,0
1181,3,fixation_after,281,197618153188800,19.626933,0,0,0
1182,3,fixation_after,282,197618169784600,19.6435288,0,0,0
1183,3,fixation_after,283,197618186474300,19.6602185,0,0,0
1184,3,fixation_after,284,197618203259000,19.6770032,0,0,0
1185,3,fixation_after,285,197618219821300,19.6935655,0,0,0
1186,3,fixation_after,286,197618236474600,19.7102188,0,0,0
1187,3,fixation_after,287,197618253108900,19.7268531,0,0,0
1188,3,fixation_after,288,197618269783100,19.7435273,0,0,0
1189,3,fixation_after,289,197618286487500,19.7602317,0,0,0
1190,3,fixation_after,290,197618303125600,19.7768698,0,0,0
1191,3,fixation_after,291,197618319776600,19.7935208,0,0,0
1192,3,fixation_after,292,197618336449400,19.8101936,0,0,0
1193,3,fixation_after,293,197618353115200,19.8268594,0,0,0
1194,3,fixation_after,294,197618369751000,19.8434952,0,0,0
1195,3,fixation_after,295,197618386432700,19.8601769,0,0,0
1196,3,fixation_after,296,197618403083000,19.8768272,0,0,0
1197,3,fixation_after,297,197618419805800,19.89355,0,0,0
1198,3,fixation_after,298,197618436442400,19.9101866,0,0,0
1199,3,fixation_after,299,197618453117500,19.9268617,0,0,0
1200,3,fixation_after,300,197618469845000,19.9435892,0,0,0
1201,3,fixation_after,301,197618486424700,19.9601689,0,0,0
1202,3,fixation_after,302,197618503058700,19.9768029,0,0,0
1203,3,fixation_after,303,197618519734400,19.9934786,0,0,0
1204,3,fixation_after,304,197618536423900,20.0101681,0,0,0
1205,3,fixation_after,305,197618553104600,20.0268488,0,0,0
1206,3,fixation_after,306,197618569744700,20.0434889,0,0,0
1207,3,fixation_after,307,197618586385300,20.0601295,0,0,0
1208,3,fixation_after,308,197618603050400,20.0767946,0,0,0
1209,3,fixation_after,309,197618619713500,20.0934577,0,0,0
1210,3,fixation_after,310,197618636400900,20.1101451,0,0,0
1211,3,fixation_after,311,197618653042400,20.1267866,0,0,0
1212,3,fixation_after,312,197618669725900,20.1434701,0,0,0
1213,3,fixation_after,313,197618686408000,20.1601522,0,0,0
1214,3,fixation_after,314,197618703034100,20.1767783,0,0,0
1215,3,fixation_after,315,197618719792000,20.1935362,0,0,0
1216,3,fixation_after,316,197618736396500,20.2101407,0,0,0
1217,3,fixation_after,317,197618753052100,20.2267963,0,0,0
1218,3,fixation_after,318,197618769689200,20.2434334,0,0,0
1219,3,fixation_after,319,197618786378800,20.260123,0,0,0
1220,3,fixation_after,320,197618803023300,20.2767675,0,0,0
1221,3,fixation_after,321,197618819700500,20.2934447,0,0,0
1222,3,fixation_after,322,197618836392100,20.3101363,0,0,0
1223,3,fixation_after,323,197618853034300,20.3267785,0,0,0
1224,3,fixation_after,324,197618869673300,20.3434175,0,0,0
1225,3,fixation_after,325,197618886357000,20.3601012,0,0,0
1226,3,fixation_after,326,197618903011200,20.3767554,0,0,0
1227,3,fixation_after,327,197618919664300,20.3934085,0,0,0
1228,3,fixation_after,328,197618936376100,20.4101203,0,0,0
1229,3,fixation_after,329,197618953020600,20.4267648,0,0,0
1230,3,fixation_after,330,197618969671800,20.443416,0,0,0
1231,3,fixation_after,331,197618986375300,20.4601195,0,0,0
1232,3,fixation_after,332,197619002962400,20.4767066,0,0,0
1233,3,fixation_after,333,197619019620800,20.493365,0,0,0
1234,3,fixation_after,334,197619036314300,20.5100585,0,0,0
1235,3,fixation_after,335,197619052968600,20.5267128,0,0,0
1236,3,fixation_after,336,197619069600600,20.5433448,0,0,0
1237,3,fixation_after,337,197619086286200,20.5600304,0,0,0
1238,3,fixation_after,338,197619102967800,20.576712,0,0,0
1239,3,fixation_after,339,197619119653700,20.5933979,0,0,0
1240,3,fixation_after,340,197619136341900,20.6100861,0,0,0
1241,3,fixation_after,341,197619152961700,20.6267059,0,0,0
1242,3,fixation_after,342,197619169648100,20.6433923,0,0,0
1243,3,fixation_after,343,197619186323700,20.6600679,0,0,0
1244,3,fixation_after,344,197619202952700,20.6766969,0,0,0
1245,3,fixation_after,345,197619219629800,20.693374,0,0,0
1246,3,fixation_after,346,197619236322400,20.7100666,0,0,0
1247,3,fixation_after,347,197619253228100,20.7269723,0,0,0
1248,3,fixation_after,348,197619269590900,20.7433351,0,0,0
1249,3,fixation_after,349,197619286296600,20.7600408,0,0,0
1250,3,fixation_after,350,197619302906300,20.7766505,0,0,0
1251,3,fixation_after,351,197619319627400,20.7933716,0,0,0
1252,3,fixation_after,352,197619336258800,20.810003,0,0,0
1253,3,fixation_after,353,197619352901600,20.8266458,0,0,0
1254,3,fixation_after,354,197619369595900,20.8433401,0,0,0
1255,3,fixation_after,355,197619386242400,20.8599866,0,0,0
1256,3,fixation_after,356,197619402939800,20.876684,0,0,0
1257,3,fixation_after,357,197619419643500,20.8933877,0,0,0
1258,3,fixation_after,358,197619436295200,20.9100394,0,0,0
1259,3,fixation_after,359,197619452900200,20.9266444,0,0,0
1260,3,fixation_after,360,197619469630000,20.9433742,0,0,0
1261,3,fixation_after,361,197619486263700,20.9600079,0,0,0
1262,3,fixation_after,362,197619502958200,20.9767024,0,0,0
1263,3,fixation_after,363,197619519592200,20.9933364,0,0,0
1264,3,fixation_after,364,197619536234800,21.009979,0,0,0
1265,3,fixation_after,365,197619552866700,21.0266109,0,0,0
1266,3,fixation_after,366,197619569555400,21.0432996,0,0,0
1267,3,fixation_after,367,197619586274400,21.0600186,0,0,0
1268,3,fixation_after,368,197619602876700,21.0766209,0,0,0
1269,3,fixation_after,369,197619619576900,21.0933211,0,0,0
1270,3,fixation_after,370,197619636249300,21.1099935,0,0,0
1271,3,fixation_after,371,197619652871200,21.1266154,0,0,0
1272,3,fixation_after,372,197619669558800,21.143303,0,0,0
1273,3,fixation_after,373,197619686223400,21.1599676,0,0,0
1274,3,fixation_after,374,197619702864300,21.1766085,0,0,0
1275,3,fixation_after,375,197619719562000,21.1933062,0,0,0
1276,3,fixation_after,376,197619736193700,21.2099379,0,0,0
1277,3,fixation_after,377,197619752855900,21.2266001,0,0,0
1278,3,fixation_after,378,197619769655300,21.2433995,0,0,0
1279,3,fixation_after,379,197619786185400,21.2599296,0,0,0
1280,3,fixation_after,380,197619802854300,21.2765985,0,0,0
1281,3,fixation_after,381,197619819542200,21.2932864,0,0,0
1282,3,fixation_after,382,197619836193800,21.309938,0,0,0
1283,3,fixation_after,383,197619852846900,21.3265911,0,0,0
1284,3,fixation_after,384,197619869521100,21.3432653,0,0,0
1285,3,fixation_after,385,197619886177400,21.3599216,0,0,0
1286,3,fixation_after,386,197619902827900,21.3765721,0,0,0
1287,3,fixation_after,387,197619919513600,21.3932578,0,0,0
1288,3,fixation_after,388,197619936167300,21.4099115,0,0,0
1289,3,fixation_after,389,197619952845700,21.4265899,0,0,0
1290,3,fixation_after,390,197619969512400,21.4432566,0,0,0
1291,3,fixation_after,391,197619986161700,21.4599059,0,0,0
1292,3,fixation_after,392,197620002813500,21.4765577,0,0,0
1293,3,fixation_after,393,197620019551600,21.4932958,0,0,0
1294,3,fixation_after,394,197620036140100,21.5098843,0,0,0
1295,3,fixation_after,395,197620052801000,21.5265452,0,0,0
1296,3,fixation_after,396,197620069494800,21.543239,0,0,0
1297,3,fixation_after,397,197620086128600,21.5598728,0,0,0
1298,3,fixation_after,398,197620102795500,21.5765397,0,0,0
1299,3,fixation_after,399,197620119474600,21.5932188,0,0,0
1300,3,fixation_after,400,197620136168800,21.609913,0,0,0
1301,3,fixation_after,401,197620152783800,21.626528,0,0,0
1302,3,fixation_after,402,197620169476000,21.6432202,0,0,0
1303,3,fixation_after,403,197620186132000,21.6598762,0,0,0
1304,3,fixation_after,404,197620202780400,21.6765246,0,0,0
1305,3,fixation_after,405,197620219502500,21.6932467,0,0,0
1306,3,fixation_after,406,197620236132200,21.7098764,0,0,0
1307,3,fixation_after,407,197620252772100,21.7265163,0,0,0
1308,3,fixation_after,408,197620269436800,21.743181,0,0,0
1309,3,fixation_after,409,197620286159900,21.7599041,0,0,0
1310,3,fixation_after,410,197620302743000,21.7764872,0,0,0
1311,3,fixation_after,411,197620319384600,21.7931288,0,0,0
1312,3,fixation_after,412,197620336087900,21.8098321,0,0,0
1313,3,fixation_after,413,197620352740600,21.8264848,0,0,0
1314,3,fixation_after,414,197620369396100,21.8431403,0,0,0
1315,3,fixation_after,415,197620386053500,21.8597977,0,0,0
1316,3,fixation_after,416,197620402766800,21.876511,0,0,0
1317,3,fixation_after,417,197620419422700,21.8931669,0,0,0
1318,3,fixation_after,418,197620436081000,21.9098252,0,0,0
1319,3,fixation_after,419,197620452744400,21.9264886,0,0,0
1320,3,fixation_after,420,197620469441500,21.9431857,0,0,0
1321,3,fixation_after,421,197620486070900,21.9598151,0,0,0
1322,3,fixation_after,422,197620502742200,21.9764864,0,0,0
1323,3,fixation_after,423,197620519439200,21.9931834,0,0,0
1324,3,fixation_after,424,197620536118100,22.0098623,0,0,0
1325,3,fixation_after,425,197620552693500,22.0264377,0,0,0
1326,3,fixation_after,426,197620569438700,22.0431829,0,0,0
1327,3,fixation_after,427,197620586081100,22.0598253,0,0,0
1328,3,fixation_after,428,197620602694400,22.0764386,0,0,0
1329,3,fixation_after,429,197620619377800,22.093122,0,0,0
1330,3,fixation_after,430,197620636034700,22.1097789,0,0,0
1331,3,fixation_after,431,197620652694600,22.1264388,0,0,0
1332,3,fixation_after,432,197620669353100,22.1430973,0,0,0
1333,3,fixation_after,433,197620686067800,22.159812,0,0,0
1334,3,fixation_after,434,197620702717300,22.1764615,0,0,0
1335,3,fixation_after,435,197620719400000,22.1931442,0,0,0
1336,3,fixation_after,436,197620736017500,22.2097617,0,0,0
1337,3,fixation_after,437,197620752691800,22.226436,0,0,0
1338,3,fixation_after,438,197620769392200,22.2431364,0,0,0
1339,3,fixation_after,439,197620786113800,22.259858,0,0,0
1340,3,fixation_after,440,197620802710100,22.2764543,0,0,0
1341,3,fixation_after,441,197620819392400,22.2931366,0,0,0
1342,3,fixation_after,442,197620836039800,22.309784,0,0,0
1343,3,fixation_after,443,197620852684500,22.3264287,0,0,0
1344,3,fixation_after,444,197620869370800,22.343115,0,0,0
1345,3,fixation_after,445,197620885993200,22.3597374,0,0,0
1346,3,fixation_after,446,197620902697400,22.3764416,0,0,0
1347,3,fixation_after,447,197620919381000,22.3931252,0,0,0
1348,3,fixation_after,448,197620935985700,22.4097299,0,0,0
1349,3,fixation_after,449,197620952707900,22.4264521,0,0,0
1350,3,fixation_after,450,197620969341100,22.4430853,0,0,0
1351,3,fixation_after,451,197620985983400,22.4597276,0,0,0
1352,3,fixation_after,452,197621002694400,22.4764386,0,0,0
1353,3,fixation_after,453,197621019341700,22.4930859,0,0,0
1354,3,fixation_after,454,197621035973000,22.5097172,0,0,0
1355,3,fixation_after,455,197621052730000,22.5264742,0,0,0
1356,3,fixation_after,456,197621069344700,22.5430889,0,0,0
1357,3,fixation_after,457,197621085967200,22.5597114,0,0,0
1358,3,fixation_after,458,197621102684200,22.5764284,0,0,0
1359,3,fixation_after,459,197621119321700,22.5930659,0,0,0
1360,3,fixation_after,460,197621135948000,22.6096922,0,0,0
1361,3,fixation_after,461,197621152686500,22.6264307,0,0,0
1362,3,fixation_after,462,197621169289300,22.6430335,0,0,0
1363,3,fixation_after,463,197621185967600,22.6597118,0,0,0
1364,3,fixation_after,464,197621202619100,22.6763633,0,0,0
1365,3,fixation_after,465,197621219287000,22.6930312,0,0,0
1366,3,fixation_after,466,197621235921800,22.709666,0,0,0
1367,3,fixation_after,467,197621252615400,22.7263596,0,0,0
1368,3,fixation_after,468,197621269281100,22.7430253,0,0,0
1369,3,fixation_after,469,197621285904200,22.7596484,0,0,0
1370,3,fixation_after,470,197621302627200,22.7763714,0,0,0
1371,3,fixation_after,471,197621319267400,22.7930116,0,0,0
1372,3,fixation_after,472,197621335931200,22.8096754,0,0,0
1373,3,fixation_after,473,197621352597500,22.8263417,0,0,0
1374,3,fixation_after,474,197621369278700,22.8430229,0,0,0
1375,3,fixation_after,475,197621385907700,22.8596519,0,0,0
1376,3,fixation_after,476,197621402602100,22.8763463,0,0,0
1377,3,fixation_after,477,197621419241100,22.8929853,0,0,0
1378,3,fixation_after,478,197621435912400,22.9096566,0,0,0
1379,3,fixation_after,479,197621452593300,22.9263375,0,0,0
1380,3,fixation_after,480,197621469280200,22.9430244,0,0,0
1381,3,fixation_after,481,197621485910700,22.9596549,0,0,0
1382,3,fixation_after,482,197621502630800,22.976375,0,0,0
1383,3,fixation_after,483,197621519245100,22.9929893,0,0,0
1384,3,fixation_after,484,197621536060800,23.009805,0,0,0
1385,3,fixation_after,485,197621552569100,23.0263133,0,0,0
1386,3,fixation_after,486,197621569323900,23.0430681,0,0,0
1387,3,fixation_after,487,197621585860500,23.0596047,0,0,0
1388,3,fixation_after,488,197621602577500,23.0763217,0,0,0
1389,3,fixation_after,489,197621619213500,23.0929577,0,0,0
1390,3,fixation_after,490,197621635873300,23.1096175,0,0,0
1391,3,fixation_after,491,197621652582100,23.1263263,0,0,0
1392,3,fixation_after,492,197621669202900,23.1429471,0,0,0
1393,3,fixation_after,493,197621685874600,23.1596188,0,0,0
1394,3,fixation_after,494,197621702526700,23.1762709,0,0,0
1395,3,fixation_after,495,197621719242900,23.1929871,0,0,0
1396,3,fixation_after,496,197621735850800,23.209595,0,0,0
1397,3,fixation_after,497,197621752524200,23.2262684,0,0,0
1398,3,fixation_after,498,197621769210900,23.2429551,0,0,0
1399,3,fixation_after,499,197621785851300,23.2595955,0,0,0
1400,3,fixation_after,500,197621802569900,23.2763141,0,0,0
1401,3,fixation_after,501,197621819282800,23.293027,0,0,0
1402,3,fixation_after,502,197621835844400,23.3095886,0,0,0
1403,3,fixation_after,503,197621852529900,23.3262741,0,0,0
1404,3,fixation_after,504,197621869166000,23.3429102,0,0,0
1405,3,fixation_after,505,197621885835300,23.3595795,0,0,0
1406,3,fixation_after,506,197621902529800,23.376274,0,0,0
1407,3,fixation_after,507,197621919170100,23.3929143,0,0,0
1408,3,fixation_after,508,197621935819600,23.4095638,0,0,0
1409,3,fixation_after,509,197621952531000,23.4262752,0,0,0
1410,3,fixation_after,510,197621969146400,23.4428906,0,0,0
1411,3,fixation_after,511,197621985840500,23.4595847,0,0,0
1412,3,fixation_after,512,197622002505800,23.47625,0,0,0
1413,3,fixation_after,513,197622019189000,23.4929332,0,0,0
1414,3,fixation_after,514,197622035815800,23.50956,0,0,0
1415,3,fixation_after,515,197622052509500,23.5262537,0,0,0
1416,3,fixation_after,516,197622069151100,23.5428953,0,0,0
1417,3,fixation_after,517,197622085854100,23.5595983,0,0,0
1418,3,fixation_after,518,197622102459400,23.5762036,0,0,0
1419,3,fixation_after,519,197622119125600,23.5928698,0,0,0
1420,3,fixation_after,520,197622135805900,23.6095501,0,0,0
1421,3,fixation_after,521,197622152488300,23.6262325,0,0,0
1422,3,fixation_after,522,197622169117100,23.6428613,0,0,0
1423,3,fixation_after,523,197622185795700,23.6595399,0,0,0
1424,3,fixation_after,524,197622202451100,23.6761953,0,0,0
1425,3,fixation_after,525,197622219103000,23.6928472,0,0,0
1426,3,fixation_after,526,197622235781200,23.7095254,0,0,0
1427,3,fixation_after,527,197622252463700,23.7262079,0,0,0
1428,3,fixation_after,528,197622269098900,23.7428431,0,0,0
1429,3,fixation_after,529,197622285761700,23.7595059,0,0,0
1430,3,fixation_after,530,197622302473600,23.7762178,0,0,0
1431,3,fixation_after,531,197622319095500,23.7928397,0,0,0
1432,3,fixation_after,532,197622335866800,23.809611,0,0,0
1433,3,fixation_after,533,197622352451800,23.826196,0,0,0
1434,3,fixation_after,534,197622369084600,23.8428288,0,0,0
1435,3,fixation_after,535,197622385731700,23.8594759,0,0,0
1436,3,fixation_after,536,197622402471400,23.8762156,0,0,0
1437,3,fixation_after,537,197622419077700,23.8928219,0,0,0
1438,3,fixation_after,538,197622435748900,23.9094931,0,0,0
1439,3,fixation_after,539,197622452429400,23.9261736,0,0,0
1440,3,fixation_after,540,197622469080800,23.942825,0,0,0
1441,3,fixation_after,541,197622485736200,23.9594804,0,0,0
1442,3,fixation_after,542,197622502435200,23.9761794,0,0,0
1443,3,fixation_after,543,197622519108500,23.9928527,0,0,0
1444,3,fixation_after,544,197622535746900,24.0094911,0,0,0
1445,3,fixation_after,545,197622552421500,24.0261657,0,0,0
1446,3,fixation_after,546,197622569068100,24.0428123,0,0,0
1447,3,fixation_after,547,197622585767100,24.0595113,0,0,0
1448,3,fixation_after,548,197622602440500,24.0761847,0,0,0
1449,3,fixation_after,549,197622619062000,24.0928062,0,0,0
1450,3,fixation_after,550,197622635768100,24.1095123,0,0,0
1451,3,fixation_after,551,197622652484600,24.1262288,0,0,0
1452,3,fixation_after,552,197622669039900,24.1427841,0,0,0
1453,3,fixation_after,553,197622685738700,24.1594829,0,0,0
1454,3,fixation_after,554,197622702387500,24.1761317,0,0,0
1455,3,fixation_after,555,197622719032900,24.1927771,0,0,0
1456,3,fixation_after,556,197622735742500,24.2094867,0,0,0
1457,3,fixation_after,557,197622752405800,24.22615,0,0,0
1458,3,fixation_after,558,197622769146800,24.242891,0,0,0
1459,3,fixation_after,559,197622785736400,24.2594806,0,0,0
1460,3,fixation_after,560,197622802341300,24.2760855,0,0,0
1461,3,fixation_after,561,197622819059000,24.2928032,0,0,0
1462,3,fixation_after,562,197622835676300,24.3094205,0,0,0
1463,3,fixation_after,563,197622852375300,24.3261195,0,0,0
1464,3,fixation_after,564,197622869035100,24.3427793,0,0,0
1465,3,fixation_after,565,197622885662200,24.3594064,0,0,0
1466,3,fixation_after,566,197622902323200,24.3760674,0,0,0
1467,3,fixation_after,567,197622918996300,24.3927405,0,0,0
1468,3,fixation_after,568,197622935656000,24.4094002,0,0,0
1469,3,fixation_after,569,197622952400400,24.4261446,0,0,0
1470,3,fixation_after,570,197622968992500,24.4427367,0,0,0
1471,3,fixation_after,571,197622985698600,24.4594428,0,0,0
1472,3,fixation_after,572,197623002335300,24.4760795,0,0,0
1473,3,fixation_after,573,197623019002100,24.4927463,0,0,0
1474,3,fixation_after,574,197623035659400,24.5094036,0,0,0
1475,3,fixation_after,575,197623052371400,24.5261156,0,0,0
1476,3,fixation_after,576,197623068989400,24.5427336,0,0,0
1477,3,fixation_after,577,197623085643100,24.5593873,0,0,0
1478,3,fixation_after,578,197623102298600,24.5760428,0,0,0
1479,3,fixation_after,579,197623118949900,24.5926941,0,0,0
1480,3,fixation_after,580,197623135598100,24.6093423,0,0,0
1481,3,fixation_after,581,197623152252500,24.6259967,0,0,0
1482,3,fixation_after,582,197623168917900,24.6426621,0,0,0
1483,3,fixation_after,583,197623185604000,24.6593482,0,0,0
1484,3,fixation_after,584,197623202311500,24.6760557,0,0,0
1485,3,fixation_after,585,197623218945000,24.6926892,0,0,0
1486,3,fixation_after,586,197623235640700,24.7093849,0,0,0
1487,3,fixation_after,587,197623252268900,24.7260131,0,0,0
1488,3,fixation_after,588,197623268935000,24.7426792,0,0,0
1489,3,fixation_after,589,197623285629600,24.7593738,0,0,0
1490,3,fixation_after,590,197623302268200,24.7760124,0,0,0
1491,3,fixation_after,591,197623318926200,24.7926704,0,0,0
1492,3,fixation_after,592,197623335605800,24.80935,0,0,0
1493,3,fixation_after,593,197623352252400,24.8259966,0,0,0
1494,3,fixation_after,594,197623369013300,24.8427575,0,0,0
1495,3,fixation_after,595,197623385612000,24.8593562,0,0,0
1496,3,fixation_after,596,197623402246000,24.8759902,0,0,0
1497,3,fixation_after,597,197623418908300,24.8926525,0,0,0
1498,3,fixation_after,598,197623435604800,24.909349,0,0,0
1499,3,fixation_after,599,197623452248700,24.9259929,0,0,0
